year,ind,firms,roic,wacc,spread,cap_mn,Invested_Capital_USD_bn,ep_mn,Economic_Profit_USD_bn,flag_negative_wacc,flag_thin_sample,cap_bn,ep_bn
2001,Advertising,36.0,12.02,13.4,-1.38,34559.0,34.559,-478.0,-0.478,False,False,34.559,-0.478
2001,Aerospace/Defense,65.0,12.25,8.25,4.0,232504.8,232.505,9302.2,9.302,False,False,232.5048,9.302200000000001
2001,Air Transport,45.0,14.8,8.23,6.57,183666.0,183.666,12067.5,12.067,False,False,183.666,12.0675
2001,Apparel,54.0,15.19,9.21,5.98,35643.9,35.644,2130.8,2.131,False,False,35.6439,2.1308000000000002
2001,Auto & Truck,21.0,11.11,6.64,4.47,1247462.0,1247.462,55746.9,55.747,False,False,1247.462,55.746900000000004
2001,Auto Parts,65.0,15.34,8.22,7.12,133482.6,133.483,9504.9,9.505,False,False,133.48260000000002,9.5049
2001,Beverage (Alcoholic),24.0,22.77,7.41,15.36,43220.3,43.22,6637.7,6.638,False,False,43.2203,6.6377
2001,Building Materials,52.0,19.26,8.6,10.67,42945.8,42.946,4580.3,4.58,False,False,42.945800000000006,4.5803
2001,Cable TV,27.0,-44.9,8.89,-53.79,298065.8,298.066,-160325.5,-160.325,False,False,298.06579999999997,-160.3255
2001,Chemical (Basic),25.0,16.6,8.65,7.95,162278.8,162.279,12900.6,12.901,False,False,162.2788,12.9006
2001,Chemical (Diversified),33.0,17.03,8.22,8.81,167906.6,167.907,14787.9,14.788,False,False,167.9066,14.7879
2001,Chemical (Specialty),86.0,13.86,8.16,5.7,120202.1,120.202,6849.4,6.849,False,False,120.2021,6.849399999999999
2001,Electrical Equipment,92.0,23.95,11.65,12.29,183675.2,183.675,22581.7,22.582,False,False,183.67520000000002,22.5817
2001,Entertainment,96.0,2.4,11.31,-8.92,789843.2,789.843,-70421.0,-70.421,False,False,789.8431999999999,-70.421
2001,Food Processing,116.0,13.54,7.36,6.18,427849.4,427.849,26431.2,26.431,False,False,427.8494,26.4312
2001,Food Wholesalers,25.0,16.56,8.08,8.48,54699.8,54.7,4638.4,4.638,False,False,54.6998,4.6384
2001,Homebuilding,57.0,11.63,7.76,3.86,68821.7,68.822,2658.3,2.658,False,False,68.82169999999999,2.6583
2001,Hotel/Gaming,85.0,11.46,7.65,3.82,166152.0,166.152,6341.2,6.341,False,False,166.152,6.3412
2001,Household Products,33.0,24.24,8.64,15.6,105332.4,105.332,16429.8,16.43,False,False,105.33239999999999,16.4298
2001,Information Services,19.0,17.16,10.65,6.51,29353.8,29.354,1909.6,1.91,False,False,29.3538,1.9096
2001,Insurance (Life),32.0,0.0,9.19,-9.19,102654.3,102.654,-9429.6,-9.43,False,False,102.6543,-9.4296
2001,Machinery,151.0,11.36,7.89,3.47,213258.3,213.258,7397.9,7.398,False,False,213.2583,7.3979
2001,Packaging & Container,43.0,10.39,6.01,4.37,98187.5,98.188,4292.0,4.292,False,False,98.1875,4.292
2001,Power,19.0,6.91,9.53,-2.62,120471.4,120.471,-3156.9,-3.157,False,False,120.47139999999999,-3.1569000000000003
2001,R.E.I.T.,153.0,5.5,8.38,-2.89,51037.5,51.038,-1473.5,-1.474,False,False,51.0375,-1.4735
2001,Recreation,87.0,13.95,9.32,4.63,78398.0,78.398,3626.2,3.626,False,False,78.398,3.6262
2001,Retail (Special Lines),188.0,16.6,9.63,6.97,155876.8,155.877,10870.6,10.871,False,False,155.87679999999997,10.8706
2001,Semiconductor,118.0,27.22,17.37,9.85,250028.7,250.029,24618.9,24.619,False,False,250.02870000000001,24.6189
2001,Shoe,27.0,17.37,9.14,8.22,16708.9,16.709,1373.8,1.374,False,False,16.7089,1.3738
2001,Telecom. Equipment,141.0,10.69,14.24,-3.54,155047.8,155.048,-5493.4,-5.493,False,False,155.0478,-5.493399999999999
2001,Telecom. Services,208.0,6.6,11.42,-4.83,1626503.6,1626.504,-78529.3,-78.529,False,False,1626.5036,-78.5293
2001,Tobacco,13.0,28.37,7.38,20.99,137512.2,137.512,28862.8,28.863,False,False,137.5122,28.8628
2002,Advertising,38.0,13.72,9.38,4.34,36451.3,36.451,1580.6,1.581,False,False,36.4513,1.5806
2002,Aerospace/Defense,77.0,13.24,6.89,6.36,249341.4,249.341,15846.0,15.846,False,False,249.3414,15.846
2002,Air Transport,43.0,9.32,8.66,0.66,198488.9,198.489,1308.5,1.309,False,False,198.4889,1.3085
2002,Apparel,58.0,14.01,7.46,6.55,36022.6,36.023,2359.0,2.359,False,False,36.0226,2.359
2002,Auto & Truck,23.0,8.86,5.83,3.03,1212306.0,1212.306,36744.2,36.744,False,False,1212.306,36.7442
2002,Auto Parts,62.0,10.46,7.08,3.38,125698.9,125.699,4243.7,4.244,False,False,125.6989,4.2437
2002,Beverage (Alcoholic),23.0,23.11,6.01,17.11,41529.4,41.529,7104.3,7.104,False,False,41.5294,7.1043
2002,Building Materials,53.0,18.62,6.83,11.8,34931.3,34.931,4121.3,4.121,False,False,34.9313,4.1213
2002,Cable TV,26.0,9.3,9.47,-0.17,273975.2,273.975,-471.6,-0.472,False,False,273.97520000000003,-0.4716
2002,Chemical (Basic),22.0,15.31,6.96,8.35,105818.2,105.818,8835.4,8.835,False,False,105.81819999999999,8.8354
2002,Chemical (Diversified),34.0,17.33,6.76,10.57,136526.8,136.527,14437.3,14.437,False,False,136.52679999999998,14.437299999999999
2002,Chemical (Specialty),96.0,13.73,6.88,6.85,105113.9,105.114,7204.6,7.205,False,False,105.1139,7.2046
2002,Computers/Peripherals,176.0,16.38,12.54,3.84,116386.1,116.386,4470.6,4.471,False,False,116.3861,4.4706
2002,Electrical Equipment,94.0,23.77,10.27,13.5,86047.2,86.047,11617.1,11.617,False,False,86.0472,11.6171
2002,Entertainment,98.0,4.99,8.67,-3.68,418523.5,418.523,-15416.7,-15.417,False,False,418.5235,-15.4167
2002,Food Processing,114.0,14.28,6.13,8.15,233964.4,233.964,19063.8,19.064,False,False,233.96439999999998,19.0638
2002,Food Wholesalers,25.0,14.93,6.11,8.82,64692.0,64.692,5706.5,5.707,False,False,64.692,5.7065
2002,Furn/Home Furnishings,36.0,14.14,7.25,6.89,26419.6,26.42,1820.4,1.82,False,False,26.4196,1.8204
2002,Homebuilding,49.0,11.26,6.18,5.09,88362.6,88.363,4494.9,4.495,False,False,88.3626,4.4948999999999995
2002,Hotel/Gaming,95.0,10.58,6.25,4.33,174704.9,174.705,7568.8,7.569,False,False,174.70489999999998,7.5688
2002,Household Products,33.0,25.33,7.0,18.33,105548.7,105.549,19350.5,19.351,False,False,105.5487,19.3505
2002,Information Services,31.0,16.82,8.4,8.42,34512.9,34.513,2907.2,2.907,False,False,34.5129,2.9072
2002,Insurance (Life),37.0,0.0,7.51,-7.51,102723.8,102.724,-7717.8,-7.718,False,False,102.7238,-7.7178
2002,Insurance (Prop/Cas.),59.0,0.01,7.34,-7.34,95917.1,95.917,-7040.1,-7.04,False,False,95.9171,-7.040100000000001
2002,Machinery,153.0,10.28,6.51,3.77,198812.9,198.813,7493.8,7.494,False,False,198.81289999999998,7.4938
2002,Oilfield Svcs/Equip.,88.0,16.91,7.86,9.06,213708.6,213.709,19351.9,19.352,False,False,213.70860000000002,19.3519
2002,Packaging & Container,42.0,9.92,6.19,3.73,87283.2,87.283,3251.8,3.252,False,False,87.2832,3.2518000000000002
2002,Paper/Forest Products,44.0,10.55,5.89,4.66,215334.3,215.334,10029.7,10.03,False,False,215.33429999999998,10.0297
2002,Power,23.0,8.6,7.47,1.13,171436.4,171.436,1945.0,1.945,False,False,171.4364,1.945
2002,Precious Metals,43.0,14.74,5.78,8.96,30114.6,30.115,2697.2,2.697,False,False,30.1146,2.6971999999999996
2002,R.E.I.T.,152.0,5.0,6.24,-1.24,58972.2,58.972,-733.0,-0.733,False,False,58.972199999999994,-0.733
2002,Recreation,88.0,13.88,7.48,6.39,81169.2,81.169,5187.4,5.187,False,False,81.1692,5.187399999999999
2002,Retail (Special Lines),199.0,16.3,7.74,8.56,148978.3,148.978,12745.3,12.745,False,False,148.9783,12.745299999999999
2002,Semiconductor,110.0,14.44,15.07,-0.63,114580.9,114.581,-717.2,-0.717,False,False,114.5809,-0.7172000000000001
2002,Semiconductor Equip,14.0,16.22,14.01,2.21,22107.9,22.108,488.4,0.488,False,False,22.1079,0.4884
2002,Shoe,28.0,18.51,7.64,10.87,16390.6,16.391,1781.8,1.782,False,False,16.3906,1.7818
2002,Telecom. Equipment,147.0,-6.57,12.91,-19.48,97743.7,97.744,-19037.1,-19.037,False,False,97.7437,-19.0371
2002,Telecom. Services,190.0,12.55,9.15,3.39,713697.8,713.698,24209.2,24.209,False,False,713.6978,24.2092
2002,Tobacco,13.0,29.19,6.21,22.98,139276.2,139.276,32006.6,32.007,False,False,139.27620000000002,32.0066
2002,Trucking,41.0,10.49,6.2,4.29,46792.1,46.792,2006.4,2.006,False,False,46.7921,2.0064
2003,Advertising,34.0,6.79,9.06,-2.27,24629.3,24.629,-558.2,-0.558,False,False,24.6293,-0.5582
2003,Aerospace/Defense,72.0,9.18,7.17,2.01,117182.6,117.183,2355.6,2.356,False,False,117.18260000000001,2.3556
2003,Air Transport,43.0,2.28,8.67,-6.39,89010.6,89.011,-5688.4,-5.688,False,False,89.01060000000001,-5.6884
2003,Apparel,59.0,13.39,8.02,5.37,16838.2,16.838,904.9,0.905,False,False,16.8382,0.9048999999999999
2003,Auto & Truck,21.0,6.82,6.43,0.4,644255.7,644.256,2546.4,2.546,False,False,644.2556999999999,2.5464
2003,Auto Parts,62.0,-228.44,-13.78,-214.66,56116.0,56.116,-120458.8,-120.459,True,False,56.116,-120.4588
2003,Beverage (Alcoholic),24.0,14.63,6.44,8.19,21520.9,21.521,1763.4,1.763,False,False,21.5209,1.7634
2003,Building Materials,48.0,7.4,6.76,0.64,19782.8,19.783,126.4,0.126,False,False,19.782799999999998,0.1264
2003,Cable TV,24.0,1.27,9.69,-8.42,188962.1,188.962,-15916.7,-15.917,False,False,188.9621,-15.9167
2003,Chemical (Basic),16.0,7.89,7.73,0.16,48480.6,48.481,77.3,0.077,False,False,48.480599999999995,0.0773
2003,Chemical (Diversified),33.0,12.11,7.52,4.59,73057.8,73.058,3353.5,3.354,False,False,73.0578,3.3535
2003,Chemical (Specialty),95.0,8.73,7.28,1.45,51371.8,51.372,744.1,0.744,False,False,51.3718,0.7441
2003,Computers/Peripherals,148.0,11.34,12.39,-1.05,102759.8,102.76,-1081.1,-1.081,False,False,102.7598,-1.0811
2003,Electrical Equipment,86.0,11.93,10.38,1.55,107285.8,107.286,1665.5,1.666,False,False,107.28580000000001,1.6655
2003,Entertainment,84.0,4.38,8.82,-4.45,304443.9,304.444,-13538.3,-13.538,False,False,304.44390000000004,-13.5383
2003,Food Processing,104.0,11.86,6.6,5.25,228388.8,228.389,11995.2,11.995,False,False,228.38879999999997,11.9952
2003,Food Wholesalers,22.0,12.78,6.96,5.82,30821.9,30.822,1793.3,1.793,False,False,30.821900000000003,1.7933
2003,Furn/Home Furnishings,36.0,11.04,7.47,3.57,13324.9,13.325,476.0,0.476,False,False,13.3249,0.476
2003,Homebuilding,44.0,10.5,6.93,3.58,53676.2,53.676,1921.0,1.921,False,False,53.676199999999994,1.921
2003,Hotel/Gaming,80.0,6.64,7.11,-0.47,86388.1,86.388,-408.2,-0.408,False,False,86.38810000000001,-0.4082
2003,Household Products,32.0,21.3,7.52,13.78,51885.7,51.886,7148.6,7.149,False,False,51.8857,7.1486
2003,Information Services,29.0,11.68,8.81,2.87,18383.8,18.384,528.2,0.528,False,False,18.3838,0.5282
2003,Insurance (Life),45.0,51.35,8.03,43.32,126733.7,126.734,54901.8,54.902,False,False,126.7337,54.9018
2003,Insurance (Prop/Cas.),69.0,0.29,7.97,-7.69,115561.3,115.561,-8883.4,-8.883,False,False,115.5613,-8.8834
2003,Machinery,138.0,6.52,7.11,-0.6,99171.5,99.172,-593.1,-0.593,False,False,99.1715,-0.5931000000000001
2003,Oilfield Svcs/Equip.,88.0,8.75,8.08,0.66,113618.3,113.618,755.5,0.755,False,False,113.6183,0.7555
2003,Packaging & Container,34.0,7.54,6.39,1.15,40141.8,40.142,461.3,0.461,False,False,40.1418,0.4613
2003,Paper/Forest Products,40.0,4.37,6.21,-1.84,120877.5,120.878,-2222.0,-2.222,False,False,120.8775,-2.222
2003,Power,19.0,3.31,7.34,-4.04,63818.9,63.819,-2577.0,-2.577,False,False,63.8189,-2.577
2003,Precious Metals,48.0,5.54,6.18,-0.63,23566.0,23.566,-149.2,-0.149,False,False,23.566,-0.1492
2003,R.E.I.T.,144.0,4.12,7.16,-3.04,52713.4,52.713,-1602.8,-1.603,False,False,52.7134,-1.6028
2003,Recreation,73.0,2.11,5.22,-3.1,40583.6,40.584,-1260.0,-1.26,False,False,40.5836,-1.26
2003,Retail (Special Lines),196.0,12.19,8.25,3.94,82427.8,82.428,3244.5,3.244,False,False,82.4278,3.2445
2003,Semiconductor,113.0,5.14,16.07,-10.92,104482.9,104.483,-11410.7,-11.411,False,False,104.4829,-11.4107
2003,Semiconductor Equip,15.0,-3.55,15.55,-19.1,11334.3,11.334,-2164.8,-2.165,False,False,11.334299999999999,-2.1648
2003,Shoe,24.0,18.34,7.99,10.35,7627.8,7.628,789.5,0.789,False,False,7.627800000000001,0.7895
2003,Telecom. Equipment,124.0,-6.7,12.98,-19.68,39757.8,39.758,-7825.8,-7.826,False,False,39.7578,-7.8258
2003,Telecom. Services,137.0,9.02,8.9,0.12,445789.0,445.789,540.7,0.541,False,False,445.789,0.5407000000000001
2003,Tobacco,11.0,30.9,6.85,24.04,68023.2,68.023,16354.8,16.355,False,False,68.0232,16.3548
2003,Trucking,39.0,7.97,6.97,0.99,18968.1,18.968,188.6,0.189,False,False,18.9681,0.1886
2004,Advertising,35.0,12.81,9.28,3.53,37985.2,37.985,1340.2,1.34,False,False,37.9852,1.3402
2004,Aerospace/Defense,67.0,11.08,7.27,3.81,213149.6,213.15,8126.2,8.126,False,False,213.1496,8.126199999999999
2004,Air Transport,46.0,14.22,8.65,5.57,171455.8,171.456,9551.7,9.552,False,False,171.45579999999998,9.5517
2004,Apparel,65.0,16.07,7.35,8.71,32377.0,32.377,2821.4,2.821,False,False,32.377,2.8214
2004,Auto & Truck,25.0,10.47,6.02,4.46,1546377.3,1546.377,68911.9,68.912,False,False,1546.3773,68.91189999999999
2004,Auto Parts,60.0,16.18,7.89,8.28,117066.6,117.067,9695.0,9.695,False,False,117.06660000000001,9.695
2004,Beverage (Alcoholic),22.0,20.49,6.56,13.92,40102.9,40.103,5583.4,5.583,False,False,40.1029,5.583399999999999
2004,Building Materials,49.0,21.02,6.98,14.04,30952.6,30.953,4345.4,4.345,False,False,30.952599999999997,4.3454
2004,Cable TV,21.0,10.34,10.4,-0.06,402733.0,402.733,-225.4,-0.225,False,False,402.733,-0.22540000000000002
2004,Chemical (Basic),16.0,12.52,7.7,4.83,87368.8,87.369,4216.0,4.216,False,False,87.36880000000001,4.216
2004,Chemical (Diversified),31.0,19.33,7.44,11.9,126410.3,126.41,15038.1,15.038,False,False,126.4103,15.0381
2004,Chemical (Specialty),92.0,16.18,7.4,8.79,89534.5,89.534,7868.0,7.868,False,False,89.5345,7.868
2004,Computers/Peripherals,143.0,22.17,13.54,8.63,214495.7,214.496,18504.6,18.505,False,False,214.4957,18.5046
2004,Electrical Equipment,93.0,18.47,8.82,9.65,816501.3,816.501,78761.6,78.762,False,False,816.5013,78.7616
2004,Entertainment,88.0,6.44,9.77,-3.33,644218.1,644.218,-21454.5,-21.455,False,False,644.2180999999999,-21.4545
2004,Food Processing,104.0,19.91,6.49,13.41,335260.9,335.261,44967.5,44.967,False,False,335.26090000000005,44.9675
2004,Food Wholesalers,20.0,21.45,6.74,14.71,51620.8,51.621,7594.0,7.594,False,False,51.6208,7.594
2004,Furn/Home Furnishings,38.0,14.26,7.59,6.68,29825.3,29.825,1991.4,1.991,False,False,29.8253,1.9914
2004,Homebuilding,34.0,11.88,6.88,5.0,109916.9,109.917,5495.8,5.496,False,False,109.9169,5.4958
2004,Hotel/Gaming,77.0,10.22,6.86,3.36,166030.1,166.03,5571.2,5.571,False,False,166.0301,5.5712
2004,Household Products,30.0,26.21,7.33,18.88,118971.1,118.971,22460.2,22.46,False,False,118.9711,22.4602
2004,Information Services,33.0,20.62,8.36,12.26,37280.3,37.28,4570.4,4.57,False,False,37.280300000000004,4.570399999999999
2004,Machinery,133.0,12.52,6.97,5.55,175945.2,175.945,9769.1,9.769,False,False,175.9452,9.7691
2004,Oilfield Svcs/Equip.,93.0,10.63,8.21,2.42,180804.5,180.804,4367.8,4.368,False,False,180.8045,4.3678
2004,Packaging & Container,35.0,10.83,6.83,4.0,86740.8,86.741,3471.0,3.471,False,False,86.74080000000001,3.471
2004,Paper/Forest Products,39.0,11.83,6.85,4.98,226940.9,226.941,11311.2,11.311,False,False,226.9409,11.311200000000001
2004,Power,24.0,7.4,9.88,-2.47,120206.4,120.206,-2973.7,-2.974,False,False,120.20639999999999,-2.9737
2004,Precious Metals,61.0,11.44,6.18,5.26,55141.9,55.142,2898.8,2.899,False,False,55.1419,2.8988
2004,R.E.I.T.,135.0,8.08,7.17,0.91,13112.4,13.112,119.2,0.119,False,False,13.1124,0.1192
2004,Recreation,78.0,13.24,8.07,5.18,105010.2,105.01,5436.0,5.436,False,False,105.0102,5.436
2004,Retail (Special Lines),175.0,23.6,8.72,14.88,121610.1,121.61,18098.8,18.099,False,False,121.6101,18.0988
2004,Semiconductor,124.0,24.95,16.33,8.62,184881.6,184.882,15936.8,15.937,False,False,184.8816,15.9368
2004,Semiconductor Equip,16.0,12.84,15.55,-2.71,17483.4,17.483,-473.9,-0.474,False,False,17.483400000000003,-0.4739
2004,Shoe,24.0,24.39,8.72,15.67,15739.9,15.74,2466.6,2.467,False,False,15.7399,2.4666
2004,Telecom. Equipment,120.0,20.48,14.87,5.61,75241.8,75.242,4223.8,4.224,False,False,75.2418,4.2238
2004,Telecom. Services,137.0,19.09,9.49,9.6,753366.2,753.366,72304.4,72.304,False,False,753.3661999999999,72.3044
2004,Tobacco,13.0,21.97,6.42,15.54,150038.4,150.038,23320.8,23.321,False,False,150.0384,23.3208
2004,Trucking,36.0,16.72,6.86,9.86,40818.7,40.819,4025.4,4.025,False,False,40.8187,4.0254
2005,Advertising,34.0,9.28,10.58,-1.3,24512.1,24.512,-317.9,-0.318,False,False,24.5121,-0.31789999999999996
2005,Aerospace/Defense,70.0,9.3,7.68,1.62,116087.5,116.088,1882.6,1.883,False,False,116.0875,1.8825999999999998
2005,Air Transport,45.0,7.18,9.16,-1.98,77648.1,77.648,-1538.2,-1.538,False,False,77.6481,-1.5382
2005,Apparel,60.0,11.56,8.12,3.44,20513.2,20.513,705.2,0.705,False,False,20.5132,0.7052
2005,Auto & Truck,29.0,6.31,6.72,-0.4,831422.9,831.423,-3356.2,-3.356,False,False,831.4229,-3.3562
2005,Auto Parts,58.0,11.81,8.63,3.18,51261.9,51.262,1629.8,1.63,False,False,51.261900000000004,1.6298
2005,Beverage (Alcoholic),22.0,14.4,6.63,7.77,20143.1,20.143,1565.7,1.566,False,False,20.143099999999997,1.5657
2005,Building Materials,45.0,18.95,8.03,10.92,14694.2,14.694,1603.9,1.604,False,False,14.6942,1.6039
2005,Cable TV,22.0,2.58,10.4,-7.82,179969.4,179.969,-14065.9,-14.066,False,False,179.9694,-14.0659
2005,Chemical (Basic),18.0,9.95,8.39,1.56,55010.1,55.01,855.8,0.856,False,False,55.0101,0.8558
2005,Chemical (Diversified),33.0,15.78,7.8,7.98,69230.1,69.23,5523.4,5.523,False,False,69.23010000000001,5.5234
2005,Chemical (Specialty),92.0,11.08,7.98,3.11,48191.6,48.192,1496.5,1.497,False,False,48.1916,1.4965
2005,Computers/Peripherals,138.0,18.54,14.39,4.15,102210.2,102.21,4244.2,4.244,False,False,102.2102,4.2442
2005,Electrical Equipment,91.0,15.72,9.15,6.57,503880.6,503.881,33111.3,33.111,False,False,503.88059999999996,33.1113
2005,Entertainment,86.0,5.59,9.85,-4.26,279789.4,279.789,-11906.4,-11.906,False,False,279.7894,-11.9064
2005,Food Processing,110.0,11.46,6.75,4.71,202776.7,202.777,9546.3,9.546,False,False,202.7767,9.546299999999999
2005,Food Wholesalers,21.0,13.52,6.6,6.92,35415.2,35.415,2450.1,2.45,False,False,35.4152,2.4501
2005,Furn/Home Furnishings,36.0,10.81,8.12,2.69,15807.6,15.808,425.0,0.425,False,False,15.8076,0.425
2005,Homebuilding,34.0,12.0,7.22,4.78,71479.8,71.48,3418.6,3.419,False,False,71.4798,3.4186
2005,Hotel/Gaming,76.0,7.29,7.59,-0.29,72766.6,72.767,-211.7,-0.212,False,False,72.76660000000001,-0.2117
2005,Household Products,26.0,20.08,7.51,12.57,64731.0,64.731,8136.7,8.137,False,False,64.731,8.1367
2005,Information Services,36.0,12.87,8.2,4.67,21133.0,21.133,987.8,0.988,False,False,21.133,0.9877999999999999
2005,Insurance (Life),43.0,-0.01,7.46,-7.46,171345.5,171.346,-12786.7,-12.787,False,False,171.3455,-12.786700000000002
2005,Machinery,134.0,10.02,7.41,2.61,102993.7,102.994,2692.5,2.693,False,False,102.9937,2.6925
2005,Oilfield Svcs/Equip.,98.0,7.03,8.84,-1.81,89524.5,89.524,-1618.9,-1.619,False,False,89.5245,-1.6189
2005,Packaging & Container,37.0,8.06,6.72,1.34,52503.1,52.503,703.6,0.704,False,False,52.503099999999996,0.7036
2005,Paper/Forest Products,40.0,8.66,6.81,1.85,102756.6,102.757,1903.8,1.904,False,False,102.7566,1.9038
2005,Power,25.0,5.66,13.22,-7.56,47612.0,47.612,-3597.7,-3.598,False,False,47.612,-3.5976999999999997
2005,Precious Metals,62.0,5.24,7.48,-2.23,33952.9,33.953,-757.9,-0.758,False,False,33.9529,-0.7579
2005,R.E.I.T.,122.0,5.17,7.42,-2.25,18292.6,18.293,-410.7,-0.411,False,False,18.2926,-0.4107
2005,Recreation,74.0,11.02,8.76,2.26,54007.4,54.007,1219.1,1.219,False,False,54.007400000000004,1.2190999999999999
2005,Retail (Special Lines),177.0,18.69,9.18,9.52,57821.4,57.821,5503.5,5.504,False,False,57.821400000000004,5.5035
2005,Semiconductor,121.0,18.81,18.02,0.79,96639.5,96.64,765.5,0.765,False,False,96.6395,0.7655
2005,Semiconductor Equip,14.0,21.51,17.35,4.16,10631.8,10.632,441.8,0.442,False,False,10.6318,0.4418
2005,Shoe,22.0,21.39,9.02,12.37,8651.1,8.651,1070.2,1.07,False,False,8.6511,1.0702
2005,Telecom. Equipment,122.0,20.8,16.51,4.28,43128.7,43.129,1846.9,1.847,False,False,43.128699999999995,1.8469
2005,Telecom. Services,146.0,8.25,10.48,-2.23,316976.0,316.976,-7071.1,-7.071,False,False,316.976,-7.0711
2005,Tobacco,11.0,23.96,6.97,16.98,82687.4,82.687,14044.4,14.044,False,False,82.6874,14.0444
2005,Trucking,37.0,10.63,7.3,3.33,20296.5,20.296,676.6,0.677,False,False,20.2965,0.6766
2006,Advertising,36.0,9.06,8.89,0.18,28584.0,28.584,51.0,0.051,False,False,28.584,0.051
2006,Aerospace/Defense,73.0,10.16,8.42,1.75,116331.2,116.331,2030.5,2.03,False,False,116.3312,2.0305
2006,Air Transport,56.0,22.06,9.5,12.56,52003.5,52.004,6531.0,6.531,False,False,52.0035,6.531
2006,Apparel,64.0,12.49,8.79,3.7,19706.9,19.707,728.5,0.728,False,False,19.7069,0.7285
2006,Auto & Truck,31.0,4.6,7.47,-2.86,787584.3,787.584,-22530.4,-22.53,False,False,787.5843000000001,-22.5304
2006,Auto Parts,64.0,6.54,8.0,-1.45,55245.4,55.245,-802.9,-0.803,False,False,55.245400000000004,-0.8029
2006,Beverage (Alcoholic),27.0,10.77,7.4,3.36,29344.3,29.344,987.3,0.987,False,False,29.3443,0.9873
2006,Building Materials,47.0,106.07,8.4,97.67,3813.0,3.813,3724.3,3.724,False,False,3.813,3.7243000000000004
2006,Cable TV,23.0,4.12,11.08,-6.97,178282.0,178.282,-12418.8,-12.419,False,False,178.282,-12.4188
2006,Chemical (Basic),24.0,13.45,8.69,4.76,57043.4,57.043,2715.2,2.715,False,False,57.0434,2.7152
2006,Chemical (Diversified),36.0,17.74,8.72,9.02,80257.0,80.257,7241.7,7.242,False,False,80.257,7.2417
2006,Chemical (Specialty),94.0,12.69,8.69,4.0,55030.3,55.03,2198.5,2.198,False,False,55.030300000000004,2.1985
2006,Computers/Peripherals,148.0,20.45,13.97,6.49,95107.6,95.108,6167.8,6.168,False,False,95.1076,6.167800000000001
2006,Electrical Equipment,94.0,16.22,9.43,6.78,458917.7,458.918,31137.4,31.137,False,False,458.9177,31.137400000000003
2006,Entertainment,101.0,6.98,9.96,-2.98,272575.8,272.576,-8134.7,-8.135,False,False,272.5758,-8.1347
2006,Food Processing,123.0,13.03,7.62,5.4,200111.9,200.112,10813.6,10.814,False,False,200.1119,10.813600000000001
2006,Food Wholesalers,21.0,11.43,7.4,4.03,39101.6,39.102,1575.6,1.576,False,False,39.1016,1.5756
2006,Furn/Home Furnishings,38.0,10.36,7.9,2.46,20320.2,20.32,499.7,0.5,False,False,20.3202,0.4997
2006,Homebuilding,41.0,13.79,7.55,6.24,82374.9,82.375,5138.4,5.138,False,False,82.3749,5.1384
2006,Hotel/Gaming,84.0,6.77,7.79,-1.02,94556.4,94.556,-967.5,-0.967,False,False,94.5564,-0.9675
2006,Household Products,31.0,12.37,7.94,4.43,124829.5,124.83,5532.0,5.532,False,False,124.8295,5.532
2006,Information Services,41.0,14.48,9.32,5.16,22743.3,22.743,1173.0,1.173,False,False,22.743299999999998,1.173
2006,Machinery,139.0,11.0,8.47,2.53,111066.4,111.066,2809.9,2.81,False,False,111.06639999999999,2.8099000000000003
2006,Oilfield Svcs/Equip.,110.0,12.81,9.38,3.43,118361.0,118.361,4056.6,4.057,False,False,118.361,4.0565999999999995
2006,Packaging & Container,36.0,7.99,7.28,0.7,47737.4,47.737,336.4,0.336,False,False,47.7374,0.3364
2006,Paper/Forest Products,42.0,6.89,7.37,-0.48,84507.5,84.508,-409.8,-0.41,False,False,84.5075,-0.4098
2006,Power,41.0,4.81,14.88,-10.07,72872.6,72.873,-7337.0,-7.337,False,False,72.8726,-7.337
2006,Precious Metals,67.0,5.67,8.93,-3.25,36029.0,36.029,-1172.2,-1.172,False,False,36.029,-1.1722000000000001
2006,R.E.I.T.,143.0,5.93,7.18,-1.25,18018.2,18.018,-224.7,-0.225,False,False,18.0182,-0.22469999999999998
2006,Recreation,84.0,11.91,9.41,2.51,57378.6,57.379,1439.0,1.439,False,False,57.3786,1.439
2006,Retail (Special Lines),164.0,18.52,9.14,9.38,59628.5,59.628,5592.2,5.592,False,False,59.6285,5.5922
2006,Semiconductor,124.0,18.61,18.41,0.2,92273.7,92.274,183.4,0.183,False,False,92.27369999999999,0.1834
2006,Semiconductor Equip,14.0,16.65,18.16,-1.51,10808.9,10.809,-163.1,-0.163,False,False,10.8089,-0.1631
2006,Shoe,24.0,25.15,9.78,15.37,8284.6,8.285,1273.7,1.274,False,False,8.284600000000001,1.2737
2006,Telecom. Equipment,136.0,28.64,15.73,12.91,70077.5,70.078,9044.4,9.044,False,False,70.0775,9.0444
2006,Telecom. Services,173.0,4.0,10.27,-6.27,790376.3,790.376,-49540.2,-49.54,False,False,790.3763,-49.5402
2006,Tobacco,11.0,23.76,7.89,15.87,89580.2,89.58,14218.1,14.218,False,False,89.58019999999999,14.2181
2006,Trucking,38.0,11.38,7.92,3.46,24392.6,24.393,843.1,0.843,False,False,24.392599999999998,0.8431000000000001
2007,Advertising,39.0,8.69,9.85,-1.16,38180.8,38.181,-443.0,-0.443,False,False,38.180800000000005,-0.443
2007,Aerospace/Defense,68.0,13.72,8.99,4.73,106327.5,106.328,5028.2,5.028,False,False,106.3275,5.0282
2007,Air Transport,48.0,22.28,8.69,13.59,69280.3,69.28,9415.2,9.415,False,False,69.2803,9.4152
2007,Apparel,56.0,12.58,7.58,5.0,23515.6,23.516,1175.9,1.176,False,False,23.5156,1.1759000000000002
2007,Auto & Truck,27.0,7.62,7.54,0.08,585840.0,585.84,468.6,0.469,False,False,585.84,0.4686
2007,Auto Parts,55.0,9.69,9.0,0.68,45319.2,45.319,309.8,0.31,False,False,45.319199999999995,0.3098
2007,Building Materials,48.0,12.16,7.81,4.35,48738.1,48.738,2121.0,2.121,False,False,48.738099999999996,2.121
2007,Cable TV,22.0,5.26,8.92,-3.66,215309.2,215.309,-7875.2,-7.875,False,False,215.3092,-7.8751999999999995
2007,Chemical (Basic),18.0,13.04,10.61,2.43,58072.8,58.073,1410.7,1.411,False,False,58.0728,1.4107
2007,Chemical (Diversified),36.0,20.1,8.87,11.23,81719.5,81.72,9173.2,9.173,False,False,81.7195,9.173200000000001
2007,Chemical (Specialty),89.0,13.15,8.43,4.72,52154.0,52.154,2462.7,2.463,False,False,52.154,2.4627
2007,Computers/Peripherals,143.0,23.22,12.55,10.67,100710.3,100.71,10742.6,10.743,False,False,100.7103,10.7426
2007,Electrical Equipment,85.0,15.97,7.92,8.05,511880.7,511.881,41205.2,41.205,False,False,511.8807,41.2052
2007,Entertainment,92.0,7.11,9.68,-2.56,297711.8,297.712,-7629.3,-7.629,False,False,297.7118,-7.6293
2007,Food Processing,122.0,13.27,7.11,6.17,198908.1,198.908,12264.9,12.265,False,False,198.90810000000002,12.264899999999999
2007,Furn/Home Furnishings,38.0,10.99,8.01,2.97,19782.2,19.782,588.4,0.588,False,False,19.7822,0.5883999999999999
2007,Homebuilding,35.0,5.52,7.54,-2.02,74753.9,74.754,-1507.7,-1.508,False,False,74.75389999999999,-1.5077
2007,Hotel/Gaming,74.0,7.92,8.77,-0.86,95076.4,95.076,-815.5,-0.815,False,False,95.07639999999999,-0.8155
2007,Household Products,27.0,13.96,7.64,6.31,130365.8,130.366,8229.5,8.23,False,False,130.3658,8.2295
2007,Information Services,37.0,14.38,8.63,5.75,24096.3,24.096,1386.0,1.386,False,False,24.0963,1.386
2007,Machinery,125.0,12.67,8.63,4.04,118811.6,118.812,4796.8,4.797,False,False,118.81160000000001,4.7968
2007,Oil/Gas Distribution,14.0,8.61,6.5,2.11,56084.0,56.084,1184.8,1.185,False,False,56.084,1.1847999999999999
2007,Oilfield Svcs/Equip.,112.0,18.04,8.78,9.26,132693.3,132.693,12282.9,12.283,False,False,132.6933,12.2829
2007,Packaging & Container,34.0,10.97,7.61,3.36,45888.2,45.888,1540.8,1.541,False,False,45.8882,1.5408
2007,Paper/Forest Products,38.0,9.05,7.24,1.82,61271.2,61.271,1112.8,1.113,False,False,61.2712,1.1128
2007,Power,57.0,8.16,12.3,-4.14,80129.2,80.129,-3317.7,-3.318,False,False,80.1292,-3.3177
2007,Precious Metals,83.0,7.04,9.09,-2.05,55254.3,55.254,-1132.5,-1.132,False,False,55.2543,-1.1325
2007,R.E.I.T.,146.0,6.01,6.69,-0.68,30470.1,30.47,-207.3,-0.207,False,False,30.4701,-0.2073
2007,Recreation,72.0,11.01,9.83,1.18,61175.3,61.175,719.2,0.719,False,False,61.1753,0.7192000000000001
2007,Retail (Special Lines),163.0,16.91,9.38,7.53,65605.1,65.605,4942.5,4.942,False,False,65.60510000000001,4.9425
2007,Semiconductor,137.0,15.9,15.95,-0.05,100745.9,100.746,-54.9,-0.055,False,False,100.74589999999999,-0.0549
2007,Semiconductor Equip,15.0,23.75,15.26,8.5,12734.2,12.734,1081.9,1.082,False,False,12.734200000000001,1.0819
2007,Shoe,19.0,26.02,11.05,14.97,8325.9,8.326,1246.1,1.246,False,False,8.325899999999999,1.2461
2007,Telecom. Equipment,123.0,23.39,13.05,10.33,85252.6,85.253,8810.1,8.81,False,False,85.2526,8.8101
2007,Telecom. Services,151.0,3.99,9.12,-5.13,876458.5,876.458,-45001.4,-45.001,False,False,876.4585,-45.001400000000004
2007,Tobacco,10.0,24.73,6.97,17.76,87590.5,87.59,15555.6,15.556,False,False,87.5905,15.5556
2007,Trucking,31.0,10.89,7.13,3.76,22942.9,22.943,862.4,0.862,False,False,22.9429,0.8623999999999999
2008,Advertising,29.0,9.57,7.61,1.96,41843.0,41.843,820.0,0.82,False,False,41.843,0.82
2008,Aerospace/Defense,65.0,16.0,8.53,7.48,116157.3,116.157,8685.7,8.686,False,False,116.1573,8.6857
2008,Air Transport,43.0,14.75,7.23,7.53,129185.6,129.186,9723.8,9.724,False,False,129.1856,9.723799999999999
2008,Apparel,52.0,12.64,7.84,4.8,26672.8,26.673,1279.5,1.279,False,False,26.6728,1.2795
2008,Auto & Truck,19.0,10.6,6.03,4.57,560120.1,560.12,25620.2,25.62,False,False,560.1201,25.6202
2008,Auto Parts,53.0,12.39,8.0,4.39,56572.0,56.572,2484.1,2.484,False,False,56.572,2.4840999999999998
2008,Building Materials,51.0,7.47,7.77,-0.3,71209.3,71.209,-213.3,-0.213,False,False,71.2093,-0.21330000000000002
2008,Cable TV,24.0,5.61,8.53,-2.92,260141.6,260.142,-7584.5,-7.585,False,False,260.1416,-7.5845
2008,Chemical (Basic),18.0,16.77,8.45,8.32,67611.7,67.612,5627.2,5.627,False,False,67.6117,5.6272
2008,Chemical (Diversified),32.0,18.1,8.26,9.84,73358.6,73.359,7221.6,7.222,False,False,73.35860000000001,7.2216000000000005
2008,Chemical (Specialty),87.0,12.63,8.22,4.42,61671.8,61.672,2722.8,2.723,False,False,61.671800000000005,2.7228000000000003
2008,Computers/Peripherals,124.0,24.52,9.25,15.27,129063.2,129.063,19706.5,19.707,False,False,129.0632,19.7065
2008,Electrical Equipment,82.0,16.71,9.32,7.39,52184.8,52.185,3858.7,3.859,False,False,52.1848,3.8587
2008,Entertainment,83.0,7.89,9.1,-1.21,267850.0,267.85,-3239.8,-3.24,False,False,267.85,-3.2398000000000002
2008,Food Processing,108.0,12.35,6.14,6.21,247398.4,247.398,15368.4,15.368,False,False,247.39839999999998,15.3684
2008,Food Wholesalers,17.0,10.01,5.4,4.62,46350.6,46.351,2139.6,2.14,False,False,46.3506,2.1395999999999997
2008,Furn/Home Furnishings,33.0,9.96,7.43,2.53,19309.9,19.31,488.3,0.488,False,False,19.309900000000003,0.4883
2008,Homebuilding,31.0,-28.62,6.99,-35.61,50295.4,50.295,-17912.1,-17.912,False,False,50.2954,-17.9121
2008,Hotel/Gaming,67.0,8.07,8.12,-0.05,87254.0,87.254,-40.9,-0.041,False,False,87.254,-0.0409
2008,Household Products,25.0,14.36,7.71,6.65,140645.2,140.645,9358.0,9.358,False,False,140.64520000000002,9.358
2008,Information Services,33.0,16.01,8.55,7.46,21950.3,21.95,1637.9,1.638,False,False,21.9503,1.6379000000000001
2008,Machinery,123.0,13.45,8.21,5.24,139966.6,139.967,7338.2,7.338,False,False,139.9666,7.3382
2008,Oil/Gas Distribution,18.0,8.37,6.09,2.27,91488.9,91.489,2080.9,2.081,False,False,91.4889,2.0809
2008,Oilfield Svcs/Equip.,111.0,16.04,9.21,6.83,185762.7,185.763,12694.7,12.695,False,False,185.76270000000002,12.694700000000001
2008,Packaging & Container,32.0,11.07,7.1,3.97,50927.6,50.928,2023.5,2.024,False,False,50.9276,2.0235
2008,Paper/Forest Products,37.0,4.83,6.76,-1.93,92359.1,92.359,-1779.4,-1.779,False,False,92.35910000000001,-1.7794
2008,Power,65.0,7.5,8.68,-1.18,83076.7,83.077,-979.6,-0.98,False,False,83.0767,-0.9796
2008,Precious Metals,74.0,5.17,10.19,-5.02,68035.7,68.036,-3418.2,-3.418,False,False,68.03569999999999,-3.4181999999999997
2008,R.E.I.T.,143.0,5.61,7.38,-1.78,26192.4,26.192,-465.0,-0.465,False,False,26.192400000000003,-0.465
2008,Recreation,63.0,9.94,8.49,1.44,67823.1,67.823,977.6,0.978,False,False,67.82310000000001,0.9776
2008,Retail (Special Lines),154.0,15.03,8.73,6.3,75678.9,75.679,4768.1,4.768,False,False,75.6789,4.7681000000000004
2008,Semiconductor,121.0,15.2,12.2,3.0,107979.5,107.98,3238.0,3.238,False,False,107.9795,3.238
2008,Semiconductor Equip,15.0,23.38,11.96,11.43,13411.5,13.412,1532.7,1.533,False,False,13.4115,1.5327
2008,Shoe,18.0,24.81,9.48,15.33,9648.0,9.648,1478.8,1.479,False,False,9.648,1.4788
2008,Telecom. Equipment,109.0,19.04,10.5,8.54,102020.1,102.02,8710.2,8.71,False,False,102.0201,8.7102
2008,Telecom. Services,139.0,13.11,8.91,4.2,1030573.1,1030.573,43293.5,43.294,False,False,1030.5731,43.2935
2008,Tobacco,11.0,30.42,6.24,24.18,46821.7,46.822,11322.3,11.322,False,False,46.8217,11.322299999999998
2008,Trucking,32.0,8.14,5.83,2.31,39360.9,39.361,910.4,0.91,False,False,39.3609,0.9104
2009,Advertising,36.0,8.92,9.14,-0.23,42638.2,42.638,-96.7,-0.097,False,False,42.6382,-0.09670000000000001
2009,Aerospace/Defense,67.0,20.74,8.51,12.23,96292.8,96.293,11776.8,11.777,False,False,96.2928,11.7768
2009,Air Transport,44.0,8.54,7.64,0.9,111946.1,111.946,1011.7,1.012,False,False,111.9461,1.0117
2009,Apparel,56.0,13.64,8.95,4.69,24566.3,24.566,1152.4,1.152,False,False,24.5663,1.1524
2009,Auto & Truck,22.0,1.06,8.58,-7.53,559208.1,559.208,-42091.0,-42.091,False,False,559.2081,-42.091
2009,Auto Parts,54.0,10.01,9.91,0.1,60131.9,60.132,59.4,0.059,False,False,60.1319,0.0594
2009,Building Materials,53.0,5.77,8.57,-2.81,67882.8,67.883,-1904.1,-1.904,False,False,67.8828,-1.9041
2009,Cable TV,24.0,7.09,8.88,-1.79,252671.8,252.672,-4519.6,-4.52,False,False,252.6718,-4.5196000000000005
2009,Chemical (Basic),17.0,21.37,8.7,12.67,59885.2,59.885,7585.3,7.585,False,False,59.8852,7.5853
2009,Chemical (Diversified),31.0,17.61,9.1,8.51,74126.5,74.126,6309.2,6.309,False,False,74.1265,6.3092
2009,Chemical (Specialty),97.0,12.25,8.88,3.37,55746.3,55.746,1879.6,1.88,False,False,55.746300000000005,1.8796
2009,Computers/Peripherals,129.0,27.91,9.23,18.68,113719.9,113.72,21244.8,21.245,False,False,113.7199,21.244799999999998
2009,Electrical Equipment,87.0,15.62,9.52,6.09,55758.9,55.759,3397.2,3.397,False,False,55.758900000000004,3.3971999999999998
2009,Entertainment,95.0,9.33,9.99,-0.66,217376.1,217.376,-1429.6,-1.43,False,False,217.3761,-1.4296
2009,Food Processing,121.0,15.24,7.16,8.08,236603.9,236.604,19124.1,19.124,False,False,236.60389999999998,19.1241
2009,Furn/Home Furnishings,35.0,6.89,9.36,-2.47,15546.7,15.547,-384.7,-0.385,False,False,15.546700000000001,-0.3847
2009,Homebuilding,28.0,-21.34,8.93,-30.27,31248.4,31.248,-9459.9,-9.46,False,False,31.2484,-9.4599
2009,Hotel/Gaming,74.0,6.48,9.31,-2.83,94473.0,94.473,-2672.0,-2.672,False,False,94.473,-2.672
2009,Household Products,23.0,14.33,8.09,6.23,131283.7,131.284,8182.1,8.182,False,False,131.2837,8.1821
2009,Information Services,29.0,9.95,8.69,1.26,36249.1,36.249,457.0,0.457,False,False,36.2491,0.457
2009,Machinery,130.0,12.88,8.53,4.34,149065.0,149.065,6475.5,6.475,False,False,149.065,6.4755
2009,Oil/Gas Distribution,19.0,8.46,7.19,1.27,123230.1,123.23,1561.4,1.561,False,False,123.23010000000001,1.5614000000000001
2009,Oilfield Svcs/Equip.,113.0,16.37,9.18,7.18,216917.6,216.918,15584.7,15.585,False,False,216.9176,15.584700000000002
2009,Packaging & Container,31.0,11.63,8.06,3.57,43184.0,43.184,1543.3,1.543,False,False,43.184,1.5433
2009,Paper/Forest Products,39.0,2.96,9.24,-6.27,85797.6,85.798,-5382.1,-5.382,False,False,85.7976,-5.3821
2009,Power,77.0,8.32,8.23,0.09,95666.3,95.666,89.9,0.09,False,False,95.6663,0.08990000000000001
2009,Precious Metals,78.0,5.6,8.85,-3.25,76288.9,76.289,-2480.5,-2.48,False,False,76.2889,-2.4805
2009,R.E.I.T.,143.0,6.47,9.58,-3.12,21044.5,21.044,-655.8,-0.656,False,False,21.0445,-0.6557999999999999
2009,Recreation,65.0,9.19,8.89,0.31,69498.2,69.498,212.6,0.213,False,False,69.4982,0.21259999999999998
2009,Retail (Special Lines),157.0,12.19,9.58,2.62,74160.8,74.161,1939.7,1.94,False,False,74.16080000000001,1.9397
2009,Semiconductor,125.0,13.37,10.37,3.0,95999.7,96.0,2883.9,2.884,False,False,95.99969999999999,2.8839
2009,Semiconductor Equip,14.0,11.01,11.86,-0.85,11984.3,11.984,-101.9,-0.102,False,False,11.9843,-0.1019
2009,Shoe,19.0,21.22,9.51,11.71,9938.6,9.939,1163.9,1.164,False,False,9.938600000000001,1.1639000000000002
2009,Telecom. Equipment,115.0,15.03,8.63,6.4,90296.5,90.296,5777.7,5.778,False,False,90.2965,5.777699999999999
2009,Telecom. Services,140.0,13.28,8.06,5.22,965349.0,965.349,50365.5,50.366,False,False,965.349,50.3655
2009,Tobacco,12.0,28.54,6.98,21.56,81047.4,81.047,17476.5,17.476,False,False,81.0474,17.4765
2009,Trucking,33.0,7.17,7.31,-0.15,34866.0,34.866,-51.0,-0.051,False,False,34.866,-0.051
2010,Advertising,27.0,7.62,10.51,-2.89,31752.2,31.752,-918.4,-0.918,False,False,31.752200000000002,-0.9184
2010,Aerospace/Defense,62.0,17.2,7.75,9.45,105639.3,105.639,9986.6,9.987,False,False,105.6393,9.986600000000001
2010,Air Transport,39.0,7.59,7.33,0.26,104496.1,104.496,275.6,0.276,False,False,104.49610000000001,0.2756
2010,Apparel,48.0,12.77,8.95,3.82,22577.7,22.578,861.7,0.862,False,False,22.5777,0.8617
2010,Auto Parts,46.0,4.71,10.49,-5.77,55243.3,55.243,-3189.8,-3.19,False,False,55.243300000000005,-3.1898
2010,Building Materials,46.0,3.35,7.75,-4.41,62029.2,62.029,-2734.4,-2.734,False,False,62.029199999999996,-2.7344
2010,Cable TV,23.0,8.58,7.58,0.99,261203.4,261.203,2593.2,2.593,False,False,261.2034,2.5932
2010,Chemical (Basic),16.0,8.9,8.37,0.53,75825.5,75.826,401.5,0.402,False,False,75.8255,0.4015
2010,Chemical (Diversified),30.0,12.19,9.42,2.77,55955.1,55.955,1548.6,1.549,False,False,55.9551,1.5486
2010,Chemical (Specialty),82.0,10.0,8.81,1.2,55227.3,55.227,661.9,0.662,False,False,55.2273,0.6618999999999999
2010,Computers/Peripherals,100.0,33.34,9.12,24.23,137965.1,137.965,33422.2,33.422,False,False,137.9651,33.4222
2010,Electrical Equipment,78.0,11.96,9.06,2.89,55756.0,55.756,1613.0,1.613,False,False,55.756,1.613
2010,Entertainment,74.0,8.35,10.0,-1.65,179727.1,179.727,-2967.0,-2.967,False,False,179.7271,-2.967
2010,Food Processing,108.0,12.33,6.63,5.7,206752.0,206.752,11795.1,11.795,False,False,206.752,11.7951
2010,Furn/Home Furnishings,30.0,5.82,9.78,-3.96,13808.8,13.809,-547.4,-0.547,False,False,13.8088,-0.5474
2010,Homebuilding,23.0,-14.68,7.88,-22.56,25760.2,25.76,-5811.1,-5.811,False,False,25.7602,-5.811100000000001
2010,Hotel/Gaming,51.0,2.95,9.39,-6.44,89139.6,89.14,-5743.4,-5.743,False,False,89.1396,-5.743399999999999
2010,Household Products,22.0,15.45,7.99,7.46,124630.3,124.63,9291.9,9.292,False,False,124.6303,9.2919
2010,Information Services,25.0,11.97,7.6,4.37,35789.6,35.79,1563.4,1.563,False,False,35.7896,1.5634000000000001
2010,Machinery,113.0,8.0,8.01,-0.01,136209.7,136.21,-9.5,-0.01,False,False,136.2097,-0.0095
2010,Oil/Gas Distribution,11.0,6.52,6.4,0.12,89717.6,89.718,107.3,0.107,False,False,89.7176,0.10729999999999999
2010,Oilfield Svcs/Equip.,94.0,10.8,9.33,1.48,207948.6,207.949,3067.8,3.068,False,False,207.9486,3.0678
2010,Packaging & Container,27.0,11.35,6.93,4.43,38170.2,38.17,1689.4,1.689,False,False,38.170199999999994,1.6894
2010,Paper/Forest Products,36.0,5.93,8.36,-2.43,77981.0,77.981,-1895.2,-1.895,False,False,77.981,-1.8952
2010,Power,67.0,7.83,7.61,0.22,89053.2,89.053,195.6,0.196,False,False,89.0532,0.1956
2010,Precious Metals,73.0,8.01,8.68,-0.66,85586.0,85.586,-568.0,-0.568,False,False,85.586,-0.568
2010,R.E.I.T.,6.0,14.64,8.2,6.44,23328.3,23.328,1502.3,1.502,False,False,23.3283,1.5023
2010,Recreation,51.0,5.9,8.82,-2.92,74300.9,74.301,-2173.1,-2.173,False,False,74.3009,-2.1731
2010,Retail (Special Lines),142.0,14.52,9.72,4.8,81138.7,81.139,3897.0,3.897,False,False,81.1387,3.897
2010,Semiconductor,114.0,9.22,10.37,-1.15,91925.7,91.926,-1054.8,-1.055,False,False,91.92569999999999,-1.0548
2010,Semiconductor Equip,14.0,-0.16,11.4,-11.56,11029.5,11.03,-1274.5,-1.275,False,False,11.0295,-1.2745
2010,Shoe,18.0,25.74,9.42,16.31,8689.0,8.689,1417.6,1.418,False,False,8.689,1.4176
2010,Telecom. Equipment,103.0,20.65,7.89,12.76,86423.1,86.423,11030.8,11.031,False,False,86.4231,11.0308
2010,Telecom. Services,85.0,13.11,7.19,5.91,692843.1,692.843,40978.1,40.978,False,False,692.8430999999999,40.9781
2010,Tobacco,12.0,26.38,6.35,20.03,95936.9,95.937,19214.5,19.214,False,False,95.9369,19.2145
2010,Trucking,33.0,2.01,7.48,-5.47,21179.5,21.18,-1158.0,-1.158,False,False,21.1795,-1.158
2011,Advertising,31.0,10.54,11.42,-0.87,30712.0,30.712,-268.0,-0.268,False,False,30.712,-0.268
2011,Aerospace/Defense,64.0,18.53,7.3,11.23,116244.8,116.245,13055.6,13.056,False,False,116.2448,13.0556
2011,Air Transport,36.0,16.45,7.93,8.52,107654.3,107.654,9168.0,9.168,False,False,107.6543,9.168
2011,Apparel,57.0,14.02,8.77,5.25,27445.4,27.445,1440.8,1.441,False,False,27.445400000000003,1.4407999999999999
2011,Auto Parts,51.0,15.82,10.27,5.55,60497.0,60.497,3355.6,3.356,False,False,60.497,3.3556
2011,Building Materials,45.0,2.58,7.31,-4.73,61350.9,61.351,-2900.7,-2.901,False,False,61.3509,-2.9006999999999996
2011,Cable TV,21.0,8.8,7.03,1.77,251909.1,251.909,4448.1,4.448,False,False,251.9091,4.4481
2011,Chemical (Basic),16.0,13.66,8.41,5.25,88106.3,88.106,4627.2,4.627,False,False,88.1063,4.6272
2011,Chemical (Diversified),31.0,13.81,9.48,4.32,61098.2,61.098,2641.4,2.641,False,False,61.0982,2.6414
2011,Chemical (Specialty),70.0,12.25,8.46,3.79,53952.3,53.952,2043.0,2.043,False,False,53.9523,2.043
2011,Computers/Peripherals,87.0,32.09,9.29,22.8,185574.4,185.574,42320.0,42.32,False,False,185.5744,42.32
2011,Electrical Equipment,68.0,15.03,9.14,5.89,57598.0,57.598,3391.5,3.392,False,False,57.598,3.3915
2011,Entertainment,77.0,9.45,9.76,-0.31,211079.8,211.08,-648.9,-0.649,False,False,211.07979999999998,-0.6489
2011,Food Processing,112.0,11.88,6.41,5.47,255926.7,255.927,13995.7,13.996,False,False,255.9267,13.995700000000001
2011,Furn/Home Furnishings,35.0,9.5,11.21,-1.71,14333.6,14.334,-245.1,-0.245,False,False,14.3336,-0.24509999999999998
2011,Homebuilding,23.0,-2.09,7.14,-9.24,27516.3,27.516,-2541.4,-2.541,False,False,27.516299999999998,-2.5414
2011,Hotel/Gaming,51.0,6.95,9.26,-2.32,90721.3,90.721,-2103.6,-2.104,False,False,90.7213,-2.1035999999999997
2011,Household Products,26.0,14.52,7.7,6.82,138008.0,138.008,9414.4,9.414,False,False,138.008,9.414399999999999
2011,Information Services,27.0,10.83,6.95,3.88,47050.6,47.051,1823.4,1.823,False,False,47.050599999999996,1.8234000000000001
2011,Machinery,100.0,12.6,8.39,4.21,60275.1,60.275,2540.3,2.54,False,False,60.2751,2.5403000000000002
2011,Oil/Gas Distribution,13.0,6.83,5.92,0.91,129732.3,129.732,1179.1,1.179,False,False,129.7323,1.1790999999999998
2011,Oilfield Svcs/Equip.,93.0,8.54,9.66,-1.12,236185.1,236.185,-2639.4,-2.639,False,False,236.1851,-2.6394
2011,Packaging & Container,26.0,10.4,6.58,3.83,45132.6,45.133,1726.4,1.726,False,False,45.1326,1.7264000000000002
2011,Paper/Forest Products,32.0,11.01,8.27,2.74,77278.3,77.278,2114.9,2.115,False,False,77.2783,2.1149
2011,Power,93.0,7.56,7.24,0.32,119806.3,119.806,382.3,0.382,False,False,119.80630000000001,0.38230000000000003
2011,Precious Metals,84.0,9.57,8.54,1.03,113368.7,113.369,1168.0,1.168,False,False,113.3687,1.168
2011,R.E.I.T.,5.0,14.07,8.7,5.37,24899.9,24.9,1336.5,1.337,False,False,24.899900000000002,1.3365
2011,Recreation,56.0,8.26,8.19,0.07,79292.9,79.293,51.8,0.052,False,False,79.29289999999999,0.0518
2011,Semiconductor,141.0,28.41,10.36,18.05,112422.2,112.422,20291.1,20.291,False,False,112.4222,20.2911
2011,Semiconductor Equip,12.0,40.44,11.46,28.98,10410.4,10.41,3017.3,3.017,False,False,10.4104,3.0173
2011,Shoe,19.0,27.41,9.28,18.13,9990.2,9.99,1811.1,1.811,False,False,9.990200000000002,1.8111
2011,Steel,32.0,5.94,9.06,-3.12,165010.4,165.01,-5153.2,-5.153,False,False,165.0104,-5.1532
2011,Telecom. Equipment,99.0,23.3,7.67,15.63,80349.5,80.35,12560.4,12.56,False,False,80.3495,12.5604
2011,Telecom. Services,74.0,13.7,6.65,7.05,707432.2,707.432,49908.2,49.908,False,False,707.4322,49.908199999999994
2011,Tobacco,11.0,27.98,6.23,21.75,98412.2,98.412,21405.2,21.405,False,False,98.4122,21.4052
2011,Trucking,36.0,9.07,7.89,1.18,21356.0,21.356,253.0,0.253,False,False,21.356,0.253
2012,Advertising,32.0,11.49,9.33,2.16,33416.3,33.416,721.3,0.721,False,False,33.4163,0.7212999999999999
2012,Aerospace/Defense,66.0,19.4,6.35,13.05,109425.1,109.425,14279.5,14.28,False,False,109.4251,14.2795
2012,Air Transport,36.0,17.97,5.81,12.16,105201.0,105.201,12793.0,12.793,False,False,105.201,12.793
2012,Apparel,54.0,13.86,8.87,4.99,29709.6,29.71,1482.1,1.482,False,False,29.7096,1.4821
2012,Auto Parts,54.0,17.65,10.12,7.53,73329.8,73.33,5524.2,5.524,False,False,73.3298,5.5241999999999996
2012,Building Materials,43.0,2.98,7.92,-4.94,58425.0,58.425,-2883.3,-2.883,False,False,58.425,-2.8833
2012,Cable TV,20.0,10.52,6.82,3.7,212739.0,212.739,7865.8,7.866,False,False,212.739,7.8658
2012,Chemical (Basic),18.0,17.75,8.22,9.53,98447.6,98.448,9380.6,9.381,False,False,98.44760000000001,9.380600000000001
2012,Chemical (Diversified),33.0,18.12,9.53,8.59,65975.1,65.975,5668.4,5.668,False,False,65.97510000000001,5.668399999999999
2012,Chemical (Specialty),70.0,12.48,7.59,4.89,55400.7,55.401,2708.5,2.708,False,False,55.4007,2.7085
2012,Computers/Peripherals,81.0,34.66,9.16,25.5,235487.6,235.488,60043.4,60.043,False,False,235.48760000000001,60.0434
2012,Electrical Equipment,64.0,15.98,9.28,6.7,57541.4,57.541,3855.3,3.855,False,False,57.5414,3.8553
2012,Entertainment,76.0,10.41,9.09,1.33,217098.2,217.098,2879.9,2.88,False,False,217.09820000000002,2.8799
2012,Food Processing,119.0,13.56,6.02,7.54,327821.5,327.822,24718.0,24.718,False,False,327.8215,24.718
2012,Furn/Home Furnishings,32.0,14.06,9.67,4.39,16488.4,16.488,724.5,0.724,False,False,16.488400000000002,0.7245
2012,Homebuilding,22.0,7.68,8.33,-0.65,28436.1,28.436,-185.5,-0.185,False,False,28.4361,-0.1855
2012,Hotel/Gaming,57.0,10.21,8.66,1.55,87174.2,87.174,1349.0,1.349,False,False,87.1742,1.349
2012,Household Products,27.0,14.81,6.66,8.15,131476.5,131.476,10712.5,10.712,False,False,131.4765,10.7125
2012,Information Services,28.0,12.71,7.5,5.2,47339.6,47.34,2463.7,2.464,False,False,47.3396,2.4637
2012,Machinery,94.0,13.43,8.05,5.38,66709.5,66.71,3589.8,3.59,False,False,66.7095,3.5898000000000003
2012,Oil/Gas Distribution,12.0,7.62,5.77,1.85,124527.9,124.528,2298.6,2.299,False,False,124.52789999999999,2.2986
2012,Oilfield Svcs/Equip.,81.0,9.5,9.5,0.0,263011.5,263.012,7.5,0.008,False,False,263.0115,0.0075
2012,Packaging & Container,27.0,11.11,6.35,4.76,49222.6,49.223,2343.5,2.344,False,False,49.2226,2.3435
2012,Paper/Forest Products,32.0,11.16,7.67,3.49,63356.0,63.356,2209.1,2.209,False,False,63.356,2.2091
2012,Power,101.0,2.62,6.13,-3.51,231778.1,231.778,-8133.6,-8.134,False,False,231.7781,-8.1336
2012,Precious Metals,83.0,11.91,7.22,4.69,134252.1,134.252,6296.0,6.296,False,False,134.2521,6.296
2012,R.E.I.T.,127.0,14.58,8.07,6.5,30016.2,30.016,1951.4,1.951,False,False,30.0162,1.9514
2012,Recreation,51.0,9.09,8.08,1.01,79320.0,79.32,804.2,0.804,False,False,79.32,0.8042
2012,Semiconductor,142.0,22.88,9.72,13.16,134036.8,134.037,17636.7,17.637,False,False,134.0368,17.6367
2012,Semiconductor Equip,10.0,11.35,10.73,0.61,15698.1,15.698,96.3,0.096,False,False,15.6981,0.0963
2012,Shoe,17.0,17.66,8.96,8.7,11518.1,11.518,1002.4,1.002,False,False,11.5181,1.0024
2012,Steel,33.0,7.59,8.0,-0.41,184893.8,184.894,-762.0,-0.762,False,False,184.8938,-0.762
2012,Telecom. Equipment,105.0,26.25,7.35,18.89,94247.8,94.248,17805.2,17.805,False,False,94.2478,17.8052
2012,Telecom. Services,76.0,13.66,7.05,6.61,676176.6,676.177,44669.2,44.669,False,False,676.1766,44.6692
2012,Tobacco,11.0,31.97,5.97,25.99,91219.6,91.22,23711.6,23.712,False,False,91.2196,23.711599999999997
2012,Trucking,34.0,11.97,6.28,5.69,20988.0,20.988,1193.7,1.194,False,False,20.988,1.1937
2013,Advertising,65.0,51.55,7.64,43.9,7836.1,7.836,3440.3,3.44,False,False,7.8361,3.4403
2013,Aerospace/Defense,95.0,57.83,7.54,50.29,68207.9,68.208,34304.3,34.304,False,False,68.2079,34.304300000000005
2013,Air Transport,25.0,13.27,6.41,6.86,65834.2,65.834,4517.3,4.517,False,False,65.8342,4.5173000000000005
2013,Apparel,70.0,22.17,8.18,13.99,35090.8,35.091,4909.0,4.909,False,False,35.0908,4.909
2013,Auto & Truck,26.0,7.72,8.08,-0.36,134589.6,134.59,-483.7,-0.484,False,False,134.58960000000002,-0.48369999999999996
2013,Auto Parts,75.0,25.08,9.38,15.69,44547.4,44.547,6991.4,6.991,False,False,44.5474,6.9914
2013,Beverage (Alcoholic),19.0,12.86,8.01,4.85,20886.3,20.886,1013.0,1.013,False,False,20.8863,1.013
2013,Broadcasting,30.0,26.24,9.2,17.04,35365.9,35.366,6026.9,6.027,False,False,35.3659,6.0268999999999995
2013,Building Materials,37.0,14.44,8.3,6.14,19244.2,19.244,1181.6,1.182,False,False,19.2442,1.1816
2013,Business & Consumer Services,179.0,23.39,6.91,16.48,40981.8,40.982,6752.1,6.752,False,False,40.9818,6.7521
2013,Cable TV,16.0,20.34,6.86,13.48,121599.9,121.6,16390.4,16.39,False,False,121.59989999999999,16.390400000000003
2013,Chemical (Basic),47.0,14.86,7.76,7.1,13111.6,13.112,931.0,0.931,False,False,13.111600000000001,0.931
2013,Chemical (Diversified),10.0,13.69,8.44,5.25,63067.2,63.067,3312.9,3.313,False,False,63.0672,3.3129
2013,Chemical (Specialty),100.0,29.31,7.65,21.66,69324.7,69.325,15013.5,15.013,False,False,69.32469999999999,15.0135
2013,Coal & Related Energy,45.0,2.53,8.24,-5.7,42818.3,42.818,-2441.9,-2.442,False,False,42.8183,-2.4419
2013,Computer Services,129.0,57.15,7.27,49.88,49446.4,49.446,24661.7,24.662,False,False,49.446400000000004,24.6617
2013,Computers/Peripherals,66.0,42.04,8.61,33.43,148445.5,148.445,49628.4,49.628,False,False,148.4455,49.6284
2013,Diversified,20.0,4.94,5.47,-0.54,535886.6,535.887,-2869.9,-2.87,False,False,535.8865999999999,-2.8699
2013,Electrical Equipment,135.0,35.15,8.48,26.67,25473.9,25.474,6793.6,6.794,False,False,25.4739,6.7936000000000005
2013,Electronics (Consumer & Office),26.0,16.85,8.88,7.97,13888.7,13.889,1107.0,1.107,False,False,13.8887,1.107
2013,Entertainment,85.0,29.6,8.51,21.09,89338.2,89.338,18843.0,18.843,False,False,89.3382,18.843
2013,Environmental & Waste Services,108.0,20.22,8.1,12.13,25724.9,25.725,3119.4,3.119,False,False,25.7249,3.1194
2013,Farming/Agriculture,29.0,7.16,6.44,0.73,52504.8,52.505,382.0,0.382,False,False,52.5048,0.382
2013,Food Processing,97.0,25.29,6.74,18.54,92374.0,92.374,17128.6,17.129,False,False,92.374,17.1286
2013,Food Wholesalers,18.0,25.57,8.41,17.15,8698.3,8.698,1492.1,1.492,False,False,8.6983,1.4921
2013,Furn/Home Furnishings,36.0,19.31,8.62,10.69,14231.0,14.231,1521.9,1.522,False,False,14.231,1.5219
2013,Healthcare Products,58.0,14.47,7.79,6.68,9600.5,9.6,641.2,0.641,False,False,9.6005,0.6412
2013,Heathcare Information and Technology,125.0,21.23,7.83,13.4,32826.7,32.827,4398.1,4.398,False,False,32.826699999999995,4.3981
2013,Homebuilding,32.0,10.22,9.78,0.44,33977.4,33.977,148.7,0.149,False,False,33.9774,0.1487
2013,Hotel/Gaming,89.0,10.37,8.03,2.33,143216.4,143.216,3341.7,3.342,False,False,143.2164,3.3417
2013,Household Products,139.0,37.25,7.79,29.46,81520.0,81.52,24014.6,24.015,False,False,81.52,24.014599999999998
2013,Information Services,71.0,47.15,6.96,40.19,47302.7,47.303,19011.8,19.012,False,False,47.302699999999994,19.0118
2013,Insurance (General),26.0,6.06,6.38,-0.33,276221.6,276.222,-903.3,-0.903,False,False,276.22159999999997,-0.9033
2013,Insurance (Life),27.0,6.11,6.95,-0.84,264951.0,264.951,-2228.2,-2.228,False,False,264.951,-2.2281999999999997
2013,Insurance (Prop/Cas.),53.0,11.86,6.13,5.73,169812.9,169.813,9732.9,9.733,False,False,169.81289999999998,9.732899999999999
2013,Machinery,141.0,28.02,7.68,20.35,54286.8,54.287,11045.2,11.045,False,False,54.2868,11.045200000000001
2013,Metals & Mining,134.0,15.12,8.55,6.57,58063.9,58.064,3814.7,3.815,False,False,58.063900000000004,3.8146999999999998
2013,Office Equipment & Services,30.0,24.24,7.37,16.88,8502.1,8.502,1434.9,1.435,False,False,8.5021,1.4349
2013,Oil/Gas (Integrated),8.0,18.99,7.71,11.28,369176.9,369.177,41648.7,41.649,False,False,369.17690000000005,41.6487
2013,Oil/Gas (Production and Exploration),411.0,-7.27,7.63,-14.9,1253167.7,1253.168,-186741.3,-186.741,False,False,1253.1677,-186.7413
2013,Oil/Gas Distribution,80.0,10.78,6.18,4.61,276222.5,276.223,12729.8,12.73,False,False,276.2225,12.7298
2013,Oilfield Svcs/Equip.,163.0,19.64,9.01,10.63,215749.5,215.749,22933.8,22.934,False,False,215.7495,22.933799999999998
2013,Packaging & Container,24.0,18.14,6.52,11.63,37552.8,37.553,4365.9,4.366,False,False,37.552800000000005,4.3659
2013,Paper/Forest Products,21.0,13.25,7.98,5.27,22533.3,22.533,1188.1,1.188,False,False,22.5333,1.1881
2013,Power,106.0,7.44,5.23,2.22,578119.4,578.119,12807.2,12.807,False,False,578.1194,12.8072
2013,Precious Metals,166.0,5.02,8.97,-3.95,30148.5,30.149,-1190.1,-1.19,False,False,30.1485,-1.1901
2013,R.E.I.T.,46.0,0.01,4.8,-4.8,441801.3,441.801,-21192.0,-21.192,False,False,441.80129999999997,-21.192
2013,Real Estate (Development),22.0,1.44,7.57,-6.13,4239.6,4.24,-259.8,-0.26,False,False,4.2396,-0.25980000000000003
2013,Real Estate (General/Diversified),11.0,1.33,6.33,-5.0,2935.7,2.936,-146.8,-0.147,False,False,2.9356999999999998,-0.1468
2013,Real Estate (Operations & Services),47.0,8.55,8.7,-0.14,18909.2,18.909,-27.2,-0.027,False,False,18.909200000000002,-0.0272
2013,Recreation,70.0,20.47,8.75,11.72,20538.7,20.539,2406.5,2.407,False,False,20.538700000000002,2.4065
2013,Reinsurance,3.0,6.66,5.2,1.46,15994.2,15.994,233.1,0.233,False,False,15.994200000000001,0.2331
2013,Retail (Automotive),30.0,12.78,7.22,5.57,42176.4,42.176,2347.4,2.347,False,False,42.1764,2.3474
2013,Retail (Building Supply),7.0,16.37,7.72,8.66,59596.0,59.596,5158.4,5.158,False,False,59.596,5.158399999999999
2013,Retail (Distributors),87.0,15.52,7.0,8.51,52260.2,52.26,4449.8,4.45,False,False,52.2602,4.4498
2013,Retail (General),21.0,13.23,6.84,6.38,237437.6,237.438,15155.1,15.155,False,False,237.4376,15.155100000000001
2013,Retail (Grocery and Food),21.0,7.07,5.94,1.13,53099.8,53.1,599.1,0.599,False,False,53.0998,0.5991000000000001
2013,Retail (Special Lines),137.0,13.4,7.13,6.27,228262.9,228.263,14319.2,14.319,False,False,228.2629,14.3192
2013,Rubber& Tires,4.0,23.8,7.59,16.2,6444.5,6.444,1044.3,1.044,False,False,6.4445,1.0443
2013,Semiconductor,104.0,18.35,8.61,9.73,114820.7,114.821,11174.6,11.175,False,False,114.8207,11.1746
2013,Semiconductor Equip,51.0,7.79,8.93,-1.13,24313.2,24.313,-275.7,-0.276,False,False,24.313200000000002,-0.2757
2013,Shipbuilding & Marine,14.0,6.64,9.01,-2.37,8680.0,8.68,-205.6,-0.206,False,False,8.68,-0.2056
2013,Shoe,14.0,25.11,6.96,18.15,14462.8,14.463,2625.0,2.625,False,False,14.4628,2.625
2013,Steel,37.0,7.99,7.66,0.33,44840.8,44.841,147.4,0.147,False,False,44.8408,0.1474
2013,Telecom (Wireless),28.0,-0.6,5.88,-6.48,115844.2,115.844,-7503.4,-7.503,False,False,115.8442,-7.5034
2013,Telecom. Equipment,131.0,23.43,8.55,14.88,96751.3,96.751,14400.3,14.4,False,False,96.7513,14.4003
2013,Telecom. Services,82.0,14.48,6.82,7.66,233948.7,233.949,17919.1,17.919,False,False,233.9487,17.9191
2013,Tobacco,12.0,109.73,7.07,102.66,21335.5,21.335,21903.4,21.903,False,False,21.3355,21.9034
2013,Transportation,22.0,13.83,7.37,6.47,44808.9,44.809,2897.4,2.897,False,False,44.8089,2.8974
2013,Trucking,28.0,11.36,6.73,4.63,47090.4,47.09,2181.4,2.181,False,False,47.0904,2.1814
2013,Utility (General),20.0,6.93,4.61,2.33,227708.3,227.708,5299.2,5.299,False,False,227.70829999999998,5.2992
2013,Utility (Water),20.0,8.54,5.87,2.67,15434.8,15.435,412.0,0.412,False,False,15.4348,0.412
2014,Advertising,52.0,40.86,6.69,34.17,7935.4,7.935,2711.9,2.712,False,False,7.9354,2.7119
2014,Aerospace/Defense,93.0,37.18,7.78,29.4,117669.1,117.669,34593.6,34.594,False,False,117.6691,34.593599999999995
2014,Air Transport,22.0,9.5,5.28,4.22,111157.7,111.158,4687.8,4.688,False,False,111.15769999999999,4.6878
2014,Apparel,64.0,18.12,6.9,11.22,39208.9,39.209,4397.9,4.398,False,False,39.2089,4.3979
2014,Auto & Truck,22.0,3.31,5.09,-1.78,228553.8,228.554,-4077.1,-4.077,False,False,228.5538,-4.0771
2014,Auto Parts,75.0,18.16,8.2,9.96,48174.5,48.174,4798.9,4.799,False,False,48.1745,4.7989
2014,Beverage (Alcoholic),22.0,15.85,7.16,8.69,18211.4,18.211,1582.9,1.583,False,False,18.2114,1.5829000000000002
2014,Beverage (Soft),46.0,27.58,7.49,20.09,85186.7,85.187,17109.8,17.11,False,False,85.1867,17.1098
2014,Broadcasting,28.0,19.98,6.54,13.44,39808.2,39.808,5350.2,5.35,False,False,39.8082,5.3502
2014,Building Materials,39.0,15.41,6.96,8.45,21452.6,21.453,1813.8,1.814,False,False,21.452599999999997,1.8137999999999999
2014,Business & Consumer Services,177.0,23.95,7.44,16.51,41153.9,41.154,6794.8,6.795,False,False,41.1539,6.7948
2014,Cable TV,18.0,17.33,5.81,11.52,140199.6,140.2,16153.6,16.154,False,False,140.1996,16.1536
2014,Chemical (Basic),46.0,18.04,6.01,12.03,16867.3,16.867,2028.7,2.029,False,False,16.8673,2.0287
2014,Chemical (Diversified),10.0,13.66,7.17,6.5,73906.3,73.906,4800.7,4.801,False,False,73.9063,4.8007
2014,Chemical (Specialty),103.0,22.41,7.04,15.37,86956.6,86.957,13368.3,13.368,False,False,86.95660000000001,13.3683
2014,Coal & Related Energy,42.0,0.38,6.83,-6.45,43092.0,43.092,-2781.3,-2.781,False,False,43.092,-2.7813000000000003
2014,Computer Services,119.0,37.39,7.4,29.99,71603.7,71.604,21473.7,21.474,False,False,71.6037,21.4737
2014,Computers/Peripherals,64.0,30.98,8.56,22.42,219859.7,219.86,49290.9,49.291,False,False,219.8597,49.2909
2014,Construction Supplies,55.0,12.42,8.42,4.0,107258.7,107.259,4288.2,4.288,False,False,107.25869999999999,4.2882
2014,Diversified,23.0,7.66,5.64,2.02,730007.7,730.008,14745.8,14.746,False,False,730.0077,14.7458
2014,Drugs (Biotechnology),400.0,13.63,8.1,5.54,148033.8,148.034,8200.0,8.2,False,False,148.03379999999999,8.2
2014,Drugs (Pharmaceutical),151.0,18.4,7.42,10.98,349038.0,349.038,38336.8,38.337,False,False,349.038,38.336800000000004
2014,Education,42.0,9.97,6.91,3.05,13663.1,13.663,417.1,0.417,False,False,13.6631,0.4171
2014,Electrical Equipment,126.0,29.56,8.31,21.25,29565.6,29.566,6283.2,6.283,False,False,29.5656,6.2832
2014,Electronics (Consumer & Office),28.0,18.29,9.73,8.57,3733.5,3.734,319.8,0.32,False,False,3.7335,0.31980000000000003
2014,Electronics (General),189.0,11.35,7.37,3.98,62014.1,62.014,2469.4,2.469,False,False,62.0141,2.4694000000000003
2014,Engineering/Construction,56.0,17.79,8.02,9.78,22098.3,22.098,2160.4,2.16,False,False,22.0983,2.1604
2014,Entertainment,84.0,30.87,7.61,23.25,90745.2,90.745,21100.8,21.101,False,False,90.7452,21.1008
2014,Environmental & Waste Services,103.0,19.53,7.52,12.01,28202.8,28.203,3386.7,3.387,False,False,28.2028,3.3867
2014,Farming/Agriculture,37.0,9.72,5.09,4.63,102791.7,102.792,4759.9,4.76,False,False,102.79169999999999,4.7599
2014,Food Processing,96.0,26.5,6.6,19.9,96140.4,96.14,19128.9,19.129,False,False,96.1404,19.1289
2014,Food Wholesalers,14.0,21.26,9.07,12.19,9055.3,9.055,1104.0,1.104,False,False,9.055299999999999,1.104
2014,Furn/Home Furnishings,27.0,15.3,7.13,8.17,18623.7,18.624,1522.2,1.522,False,False,18.6237,1.5222
2014,Green & Renewable Energy,26.0,4.36,5.8,-1.44,4297.0,4.297,-61.8,-0.062,False,False,4.297,-0.061799999999999994
2014,Healthcare Products,261.0,16.05,7.09,8.96,148017.0,148.017,13263.8,13.264,False,False,148.017,13.2638
2014,Healthcare Support Services,138.0,37.1,6.9,30.2,103644.9,103.645,31300.3,31.3,False,False,103.64489999999999,31.3003
2014,Heathcare Information and Technology,127.0,17.56,6.79,10.77,44517.2,44.517,4795.6,4.796,False,False,44.517199999999995,4.7956
2014,Homebuilding,35.0,9.57,6.78,2.78,46207.4,46.207,1286.7,1.287,False,False,46.2074,1.2867
2014,Hospitals/Healthcare Facilities,56.0,9.47,5.24,4.23,142495.0,142.495,6024.7,6.025,False,False,142.495,6.0247
2014,Hotel/Gaming,80.0,8.61,6.47,2.15,169403.9,169.404,3639.5,3.639,False,False,169.4039,3.6395
2014,Household Products,135.0,30.38,7.15,23.23,98515.7,98.516,22885.1,22.885,False,False,98.5157,22.885099999999998
2014,Information Services,67.0,35.97,7.8,28.17,69590.7,69.591,19606.6,19.607,False,False,69.5907,19.6066
2014,Insurance (General),24.0,7.68,6.23,1.45,236755.2,236.755,3433.7,3.434,False,False,236.7552,3.4337
2014,Insurance (Life),25.0,8.73,5.56,3.18,252262.8,252.263,8010.4,8.01,False,False,252.2628,8.010399999999999
2014,Insurance (Prop/Cas.),52.0,11.99,5.69,6.3,170433.1,170.433,10741.7,10.742,False,False,170.4331,10.741700000000002
2014,Investments & Asset Management,148.0,6.55,5.68,0.86,317366.5,317.366,2737.2,2.737,False,False,317.3665,2.7371999999999996
2014,Machinery,137.0,24.16,7.98,16.18,65473.2,65.473,10592.1,10.592,False,False,65.47319999999999,10.5921
2014,Metals & Mining,124.0,13.24,7.17,6.07,73324.5,73.325,4450.8,4.451,False,False,73.3245,4.4508
2014,Office Equipment & Services,25.0,21.41,7.16,14.24,9383.6,9.384,1336.6,1.337,False,False,9.3836,1.3366
2014,Oil/Gas (Integrated),8.0,15.99,6.33,9.67,424839.7,424.84,41064.0,41.064,False,False,424.8397,41.064
2014,Oil/Gas (Production and Exploration),392.0,11.84,7.19,4.65,514661.8,514.662,23916.6,23.917,False,False,514.6618,23.9166
2014,Oil/Gas Distribution,85.0,10.27,5.84,4.43,318530.9,318.531,14124.5,14.124,False,False,318.53090000000003,14.1245
2014,Oilfield Svcs/Equip.,161.0,17.8,9.19,8.6,244573.2,244.573,21042.0,21.042,False,False,244.5732,21.042
2014,Packaging & Container,26.0,19.48,5.75,13.73,38350.4,38.35,5264.5,5.265,False,False,38.3504,5.2645
2014,Paper/Forest Products,22.0,13.55,5.26,8.29,23067.6,23.068,1912.9,1.913,False,False,23.0676,1.9129
2014,Power,82.0,6.97,4.77,2.2,600794.6,600.795,13234.2,13.234,False,False,600.7946,13.234200000000001
2014,Precious Metals,147.0,2.6,7.72,-5.12,28174.1,28.174,-1442.1,-1.442,False,False,28.1741,-1.4421
2014,R.E.I.T.,213.0,2.56,4.44,-1.88,996460.9,996.461,-18755.9,-18.756,False,False,996.4609,-18.7559
2014,Real Estate (Development),18.0,3.28,6.13,-2.84,4523.3,4.523,-128.5,-0.129,False,False,4.5233,-0.1285
2014,Real Estate (General/Diversified),11.0,19.42,10.31,9.11,2941.6,2.942,268.0,0.268,False,False,2.9415999999999998,0.268
2014,Real Estate (Operations & Services),52.0,18.12,6.94,11.18,11594.9,11.595,1296.1,1.296,False,False,11.594899999999999,1.2960999999999998
2014,Recreation,68.0,15.6,7.47,8.13,24924.7,24.925,2026.5,2.026,False,False,24.9247,2.0265
2014,Reinsurance,4.0,11.82,7.64,4.18,15700.8,15.701,656.7,0.657,False,False,15.7008,0.6567000000000001
2014,Restaurant/Dining,79.0,15.09,6.13,8.96,96121.4,96.121,8616.5,8.616,False,False,96.1214,8.6165
2014,Retail (Automotive),30.0,11.27,6.58,4.68,49022.2,49.022,2296.6,2.297,False,False,49.0222,2.2965999999999998
2014,Retail (Building Supply),5.0,16.28,9.12,7.16,58937.9,58.938,4221.5,4.222,False,False,58.9379,4.2215
2014,Retail (Distributors),90.0,14.87,6.51,8.36,61781.9,61.782,5162.8,5.163,False,False,61.7819,5.1628
2014,Retail (General),23.0,12.1,6.62,5.47,249267.5,249.267,13641.9,13.642,False,False,249.2675,13.6419
2014,Retail (Grocery and Food),21.0,6.51,6.04,0.47,50331.2,50.331,237.9,0.238,False,False,50.331199999999995,0.2379
2014,Retail (Special Lines),128.0,10.93,6.55,4.39,246935.0,246.935,10834.2,10.834,False,False,246.935,10.834200000000001
2014,Rubber& Tires,4.0,21.62,5.17,16.45,7856.2,7.856,1292.4,1.292,False,False,7.856199999999999,1.2924
2014,Semiconductor,100.0,13.75,8.48,5.27,215780.6,215.781,11368.5,11.368,False,False,215.7806,11.3685
2014,Semiconductor Equip,47.0,9.68,8.2,1.48,34775.6,34.776,514.8,0.515,False,False,34.7756,0.5147999999999999
2014,Shipbuilding & Marine,14.0,6.6,7.38,-0.78,8736.5,8.736,-68.5,-0.068,False,False,8.7365,-0.0685
2014,Shoe,13.0,21.65,6.66,14.99,17941.2,17.941,2688.8,2.689,False,False,17.941200000000002,2.6888
2014,Software (Entertainment),20.0,13.8,7.68,6.11,11659.3,11.659,712.9,0.713,False,False,11.6593,0.7129
2014,Software (Internet),327.0,15.25,9.19,6.06,177491.6,177.492,10748.2,10.748,False,False,177.4916,10.7482
2014,Software (System & Application),259.0,22.64,7.96,14.68,227126.8,227.127,33347.5,33.347,False,False,227.12679999999997,33.3475
2014,Steel,40.0,8.04,6.78,1.25,50112.4,50.112,626.5,0.627,False,False,50.1124,0.6265
2014,Telecom (Wireless),21.0,0.92,4.79,-3.87,116208.4,116.208,-4500.1,-4.5,False,False,116.2084,-4.500100000000001
2014,Telecom. Equipment,126.0,14.1,8.57,5.53,160049.2,160.049,8850.1,8.85,False,False,160.0492,8.850100000000001
2014,Telecom. Services,77.0,25.71,5.9,19.81,233719.8,233.72,46309.7,46.31,False,False,233.7198,46.3097
2014,Tobacco,20.0,100.07,7.34,92.73,23878.7,23.879,22142.9,22.143,False,False,23.878700000000002,22.1429
2014,Transportation,21.0,19.98,6.2,13.78,45937.3,45.937,6330.1,6.33,False,False,45.9373,6.330100000000001
2014,Transportation (Railroads),10.0,16.35,7.14,9.22,78970.8,78.971,7279.5,7.279,False,False,78.9708,7.2795
2014,Trucking,30.0,9.74,6.63,3.11,51347.5,51.347,1597.8,1.598,False,False,51.3475,1.5977999999999999
2014,Utility (General),21.0,6.62,4.07,2.56,246563.1,246.563,6301.7,6.302,False,False,246.56310000000002,6.301699999999999
2014,Utility (Water),19.0,8.85,6.24,2.62,16140.4,16.14,422.2,0.422,False,False,16.1404,0.42219999999999996
2015,Advertising,44.0,59.68,6.57,53.11,5371.9,5.372,2853.2,2.853,False,False,5.371899999999999,2.8531999999999997
2015,Aerospace/Defense,92.0,30.15,8.86,21.29,150956.5,150.956,32136.4,32.136,False,False,150.9565,32.1364
2015,Air Transport,20.0,18.57,6.81,11.76,111793.3,111.793,13144.1,13.144,False,False,111.7933,13.1441
2015,Apparel,63.0,15.99,7.26,8.73,41387.2,41.387,3612.8,3.613,False,False,41.3872,3.6128
2015,Auto & Truck,19.0,5.06,4.7,0.37,262771.4,262.771,969.1,0.969,False,False,262.7714,0.9691000000000001
2015,Auto Parts,65.0,18.38,8.11,10.27,45722.8,45.723,4697.1,4.697,False,False,45.7228,4.697100000000001
2015,Beverage (Alcoholic),22.0,15.85,7.05,8.8,18984.9,18.985,1670.0,1.67,False,False,18.984900000000003,1.67
2015,Beverage (Soft),43.0,22.42,7.92,14.5,99777.6,99.778,14470.0,14.47,False,False,99.7776,14.47
2015,Broadcasting,29.0,19.38,6.17,13.21,48073.3,48.073,6348.2,6.348,False,False,48.0733,6.348199999999999
2015,Building Materials,39.0,15.91,7.54,8.37,24315.9,24.316,2036.2,2.036,False,False,24.315900000000003,2.0362
2015,Business & Consumer Services,159.0,22.41,7.58,14.83,50252.4,50.252,7452.2,7.452,False,False,50.2524,7.4521999999999995
2015,Cable TV,19.0,16.04,7.16,8.88,142892.6,142.893,12691.5,12.692,False,False,142.89260000000002,12.6915
2015,Chemical (Basic),42.0,12.57,6.65,5.92,17669.8,17.67,1045.9,1.046,False,False,17.6698,1.0459
2015,Chemical (Diversified),9.0,12.75,8.97,3.78,81698.5,81.698,3084.8,3.085,False,False,81.6985,3.0848
2015,Chemical (Specialty),104.0,20.2,8.0,12.2,95778.6,95.779,11688.6,11.689,False,False,95.77860000000001,11.688600000000001
2015,Coal & Related Energy,38.0,0.22,5.68,-5.46,44174.9,44.175,-2413.6,-2.414,False,False,44.1749,-2.4135999999999997
2015,Computer Services,118.0,30.1,7.75,22.35,82163.0,82.163,18360.4,18.36,False,False,82.163,18.360400000000002
2015,Computers/Peripherals,64.0,35.7,9.01,26.69,244241.6,244.242,65180.6,65.181,False,False,244.2416,65.1806
2015,Construction Supplies,52.0,12.18,8.43,3.75,113385.7,113.386,4251.8,4.252,False,False,113.3857,4.2518
2015,Diversified,26.0,7.71,6.1,1.61,747748.6,747.749,12020.4,12.02,False,False,747.7486,12.0204
2015,Drugs (Biotechnology),411.0,20.33,9.2,11.13,205547.4,205.547,22869.9,22.87,False,False,205.54739999999998,22.8699
2015,Drugs (Pharmaceutical),157.0,15.19,7.72,7.47,330172.8,330.173,24663.7,24.664,False,False,330.1728,24.663700000000002
2015,Education,40.0,9.63,6.63,2.99,14405.3,14.405,431.2,0.431,False,False,14.405299999999999,0.43119999999999997
2015,Electrical Equipment,120.0,24.35,8.01,16.34,28580.3,28.58,4669.8,4.67,False,False,28.580299999999998,4.6698
2015,Electronics (Consumer & Office),25.0,20.18,8.72,11.46,4367.6,4.368,500.4,0.5,False,False,4.3676,0.5004
2015,Electronics (General),167.0,12.5,7.43,5.07,63609.0,63.609,3227.8,3.228,False,False,63.609,3.2278000000000002
2015,Engineering/Construction,51.0,15.2,7.88,7.32,23050.2,23.05,1687.4,1.687,False,False,23.0502,1.6874
2015,Entertainment,84.0,33.0,7.9,25.1,91797.9,91.798,23041.9,23.042,False,False,91.7979,23.041900000000002
2015,Environmental & Waste Services,97.0,18.31,7.17,11.14,27882.6,27.883,3106.7,3.107,False,False,27.8826,3.1067
2015,Farming/Agriculture,37.0,7.43,6.47,0.96,103561.8,103.562,990.8,0.991,False,False,103.5618,0.9907999999999999
2015,Food Processing,89.0,23.13,6.45,16.68,103927.1,103.927,17331.3,17.331,False,False,103.92710000000001,17.3313
2015,Food Wholesalers,14.0,17.94,5.8,12.14,11690.0,11.69,1419.3,1.419,False,False,11.69,1.4193
2015,Furn/Home Furnishings,30.0,15.07,7.87,7.2,20349.3,20.349,1465.1,1.465,False,False,20.3493,1.4650999999999998
2015,Green & Renewable Energy,28.0,2.81,6.53,-3.73,8689.6,8.69,-324.0,-0.324,False,False,8.6896,-0.324
2015,Healthcare Products,254.0,16.75,7.45,9.3,120286.8,120.287,11185.8,11.186,False,False,120.2868,11.185799999999999
2015,Healthcare Support Services,127.0,41.5,7.2,34.3,105390.6,105.391,36150.6,36.151,False,False,105.3906,36.1506
2015,Heathcare Information and Technology,126.0,14.34,7.95,6.4,55113.0,55.113,3525.6,3.526,False,False,55.113,3.5256
2015,Homebuilding,34.0,8.45,6.4,2.05,60974.8,60.975,1250.1,1.25,False,False,60.9748,1.2501
2015,Hospitals/Healthcare Facilities,58.0,9.5,4.67,4.83,170181.8,170.182,8222.0,8.222,False,False,170.18179999999998,8.222
2015,Hotel/Gaming,73.0,9.41,5.96,3.44,159248.1,159.248,5480.3,5.48,False,False,159.2481,5.480300000000001
2015,Household Products,134.0,29.01,7.53,21.48,100142.9,100.143,21508.0,21.508,False,False,100.1429,21.508
2015,Information Services,70.0,37.61,7.44,30.17,75001.2,75.001,22625.8,22.626,False,False,75.0012,22.625799999999998
2015,Insurance (General),20.0,6.26,6.6,-0.34,243453.3,243.453,-825.9,-0.826,False,False,243.45329999999998,-0.8259
2015,Insurance (Life),25.0,8.56,6.5,2.06,283650.7,283.651,5843.5,5.844,False,False,283.65070000000003,5.8435
2015,Insurance (Prop/Cas.),53.0,11.69,6.32,5.37,179160.2,179.16,9621.9,9.622,False,False,179.1602,9.6219
2015,Investments & Asset Management,145.0,6.23,6.19,0.04,321007.8,321.008,127.6,0.128,False,False,321.0078,0.1276
2015,Machinery,130.0,22.54,8.99,13.55,64621.1,64.621,8756.4,8.756,False,False,64.6211,8.7564
2015,Metals & Mining,114.0,8.29,8.4,-0.11,74558.9,74.559,-78.5,-0.078,False,False,74.5589,-0.0785
2015,Office Equipment & Services,24.0,23.02,8.99,14.03,9424.7,9.425,1322.0,1.322,False,False,9.424700000000001,1.322
2015,Oil/Gas (Integrated),7.0,2.95,10.2,-7.25,427567.3,427.567,-30995.3,-30.995,False,False,427.5673,-30.9953
2015,Oil/Gas (Production and Exploration),351.0,-3.93,8.37,-12.3,592394.0,592.394,-72890.5,-72.89,False,False,592.394,-72.8905
2015,Oil/Gas Distribution,79.0,9.21,5.97,3.24,361736.5,361.737,11703.9,11.704,False,False,361.7365,11.703899999999999
2015,Oilfield Svcs/Equip.,143.0,16.19,9.91,6.28,213657.2,213.657,13423.6,13.424,False,False,213.65720000000002,13.4236
2015,Packaging & Container,25.0,17.1,7.12,9.98,39558.6,39.559,3949.2,3.949,False,False,39.5586,3.9492
2015,Paper/Forest Products,20.0,11.92,7.01,4.92,22883.0,22.883,1124.8,1.125,False,False,22.883,1.1248
2015,Power,73.0,7.2,4.81,2.39,634347.5,634.348,15183.0,15.183,False,False,634.3475,15.183
2015,Precious Metals,113.0,9.34,8.24,1.1,25161.7,25.162,277.1,0.277,False,False,25.1617,0.2771
2015,R.E.I.T.,221.0,2.73,4.61,-1.88,1052026.4,1052.026,-19827.3,-19.827,False,False,1052.0264,-19.8273
2015,Real Estate (Development),21.0,-0.85,7.39,-8.24,5505.8,5.506,-453.6,-0.454,False,False,5.5058,-0.4536
2015,Real Estate (General/Diversified),12.0,3.13,8.05,-4.92,4072.5,4.072,-200.4,-0.2,False,False,4.0725,-0.2004
2015,Real Estate (Operations & Services),55.0,10.52,7.66,2.86,22430.8,22.431,642.6,0.643,False,False,22.430799999999998,0.6426000000000001
2015,Recreation,65.0,14.8,6.4,8.4,26005.3,26.005,2184.9,2.185,False,False,26.0053,2.1849000000000003
2015,Reinsurance,3.0,7.88,6.65,1.24,17567.6,17.568,217.4,0.217,False,False,17.5676,0.2174
2015,Restaurant/Dining,83.0,15.87,5.86,10.01,92075.8,92.076,9220.4,9.22,False,False,92.0758,9.2204
2015,Retail (Automotive),26.0,12.57,6.37,6.2,53421.3,53.421,3313.2,3.313,False,False,53.4213,3.3131999999999997
2015,Retail (Building Supply),5.0,21.62,9.73,11.89,56392.6,56.393,6704.2,6.704,False,False,56.3926,6.7042
2015,Retail (Distributors),83.0,13.74,6.89,6.84,71736.5,71.737,4908.9,4.909,False,False,71.7365,4.9089
2015,Retail (General),19.0,12.46,7.22,5.24,242075.0,242.075,12688.4,12.688,False,False,242.075,12.6884
2015,Retail (Grocery and Food),17.0,9.62,6.56,3.06,38641.1,38.641,1183.7,1.184,False,False,38.6411,1.1837
2015,Retail (Special Lines),124.0,12.91,6.71,6.2,246967.7,246.968,15310.7,15.311,False,False,246.9677,15.3107
2015,Rubber& Tires,4.0,20.05,8.23,11.81,9867.4,9.867,1165.6,1.166,False,False,9.8674,1.1656
2015,Semiconductor,87.0,13.35,9.68,3.67,209679.9,209.68,7698.4,7.698,False,False,209.6799,7.6983999999999995
2015,Semiconductor Equip,46.0,9.98,8.41,1.57,38992.3,38.992,613.7,0.614,False,False,38.9923,0.6137
2015,Shipbuilding & Marine,11.0,6.42,7.07,-0.65,7118.9,7.119,-46.4,-0.046,False,False,7.1189,-0.0464
2015,Shoe,11.0,22.41,6.87,15.54,19248.5,19.248,2990.3,2.99,False,False,19.2485,2.9903000000000004
2015,Software (Entertainment),17.0,24.52,10.0,14.52,9118.6,9.119,1324.2,1.324,False,False,9.1186,1.3242
2015,Software (Internet),308.0,13.47,9.97,3.5,219506.2,219.506,7675.0,7.675,False,False,219.5062,7.675
2015,Software (System & Application),241.0,18.95,9.39,9.57,253206.4,253.206,24220.4,24.22,False,False,253.2064,24.2204
2015,Steel,36.0,-8.18,6.8,-14.98,52443.4,52.443,-7856.9,-7.857,False,False,52.443400000000004,-7.8568999999999996
2015,Telecom (Wireless),19.0,1.52,5.71,-4.19,129078.3,129.078,-5408.1,-5.408,False,False,129.0783,-5.4081
2015,Telecom. Equipment,121.0,14.01,8.71,5.3,165568.2,165.568,8775.5,8.776,False,False,165.56820000000002,8.7755
2015,Telecom. Services,65.0,12.81,5.52,7.3,287871.5,287.871,21007.4,21.007,False,False,287.8715,21.0074
2015,Tobacco,20.0,77.34,11.82,65.51,27101.2,27.101,17754.8,17.755,False,False,27.101200000000002,17.7548
2015,Transportation,21.0,20.14,8.69,11.45,51936.1,51.936,5946.6,5.947,False,False,51.936099999999996,5.9466
2015,Transportation (Railroads),12.0,17.19,7.53,9.66,81865.8,81.866,7908.0,7.908,False,False,81.86580000000001,7.908
2015,Trucking,26.0,12.42,7.22,5.2,36582.0,36.582,1902.7,1.903,False,False,36.582,1.9027
2015,Utility (General),20.0,6.96,4.14,2.82,259423.1,259.423,7307.4,7.307,False,False,259.42310000000003,7.3073999999999995
2015,Utility (Water),18.0,8.77,4.1,4.67,16935.1,16.935,790.7,0.791,False,False,16.9351,0.7907000000000001
2016,Advertising,41.0,71.83,7.2,64.63,4693.7,4.694,3033.4,3.033,False,False,4.6937,3.0334
2016,Aerospace/Defense,96.0,31.88,7.36,24.52,121691.2,121.691,29838.0,29.838,False,False,121.6912,29.838
2016,Air Transport,18.0,17.86,6.06,11.8,113228.9,113.229,13358.4,13.358,False,False,113.2289,13.3584
2016,Apparel,58.0,14.81,6.12,8.68,41409.0,41.409,3596.1,3.596,False,False,41.409,3.5961
2016,Auto & Truck,15.0,5.87,4.16,1.71,284239.5,284.239,4854.6,4.855,False,False,284.2395,4.8546000000000005
2016,Auto Parts,63.0,21.28,7.11,14.17,31554.1,31.554,4470.9,4.471,False,False,31.5541,4.470899999999999
2016,Beverage (Alcoholic),25.0,17.93,5.89,12.04,18391.3,18.391,2213.6,2.214,False,False,18.391299999999998,2.2136
2016,Beverage (Soft),36.0,25.31,6.57,18.74,84745.1,84.745,15882.9,15.883,False,False,84.74510000000001,15.8829
2016,Broadcasting,30.0,19.5,5.88,13.62,44755.5,44.756,6094.7,6.095,False,False,44.7555,6.0947
2016,Building Materials,41.0,18.39,6.89,11.5,25657.2,25.657,2951.0,2.951,False,False,25.6572,2.951
2016,Business & Consumer Services,165.0,23.85,6.9,16.95,43281.3,43.281,7335.6,7.336,False,False,43.2813,7.3356
2016,Cable TV,14.0,14.66,6.59,8.07,129800.9,129.801,10480.9,10.481,False,False,129.80089999999998,10.4809
2016,Chemical (Basic),45.0,14.85,5.96,8.89,17796.1,17.796,1582.1,1.582,False,False,17.7961,1.5820999999999998
2016,Chemical (Diversified),8.0,15.62,8.77,6.86,70634.2,70.634,4843.3,4.843,False,False,70.63419999999999,4.8433
2016,Chemical (Specialty),100.0,17.15,7.64,9.51,104517.7,104.518,9936.3,9.936,False,False,104.51769999999999,9.9363
2016,Coal & Related Energy,38.0,-8.03,5.69,-13.72,31523.8,31.524,-4326.4,-4.326,False,False,31.523799999999998,-4.3264
2016,Computer Services,117.0,29.66,6.77,22.89,72754.7,72.755,16655.2,16.655,False,False,72.7547,16.6552
2016,Computers/Peripherals,55.0,24.35,7.43,16.92,271275.4,271.275,45901.7,45.902,False,False,271.27540000000005,45.9017
2016,Construction Supplies,51.0,9.45,7.59,1.85,109008.3,109.008,2021.4,2.021,False,False,109.0083,2.0214000000000003
2016,Diversified,24.0,8.08,5.49,2.59,662961.9,662.962,17197.9,17.198,False,False,662.9619,17.1979
2016,Drugs (Biotechnology),426.0,15.33,9.24,6.09,252884.4,252.884,15392.3,15.392,False,False,252.8844,15.392299999999999
2016,Drugs (Pharmaceutical),164.0,16.55,7.49,9.06,316697.6,316.698,28687.0,28.687,False,False,316.69759999999997,28.687
2016,Education,36.0,12.03,7.62,4.42,9470.6,9.471,418.1,0.418,False,False,9.470600000000001,0.4181
2016,Electrical Equipment,119.0,21.63,7.87,13.76,29508.1,29.508,4061.0,4.061,False,False,29.5081,4.061
2016,Electronics (Consumer & Office),24.0,5.79,7.61,-1.82,5444.6,5.445,-99.2,-0.099,False,False,5.4446,-0.0992
2016,Electronics (General),164.0,10.74,6.59,4.16,64820.5,64.821,2693.4,2.693,False,False,64.8205,2.6934
2016,Engineering/Construction,48.0,15.45,7.47,7.99,23455.7,23.456,1873.3,1.873,False,False,23.4557,1.8733
2016,Entertainment,79.0,33.15,7.63,25.53,90646.5,90.646,23140.5,23.14,False,False,90.6465,23.1405
2016,Environmental & Waste Services,89.0,20.48,5.87,14.6,25836.2,25.836,3773.2,3.773,False,False,25.8362,3.7731999999999997
2016,Farming/Agriculture,37.0,6.73,5.63,1.09,97157.4,97.157,1062.4,1.062,False,False,97.1574,1.0624
2016,Food Processing,87.0,19.45,5.76,13.69,143443.7,143.444,19640.3,19.64,False,False,143.4437,19.6403
2016,Food Wholesalers,16.0,20.09,7.41,12.68,14836.6,14.837,1880.9,1.881,False,False,14.8366,1.8809
2016,Furn/Home Furnishings,30.0,18.14,6.08,12.05,20795.7,20.796,2506.4,2.506,False,False,20.7957,2.5064
2016,Green & Renewable Energy,25.0,3.78,4.67,-0.89,11200.7,11.201,-99.4,-0.099,False,False,11.200700000000001,-0.0994
2016,Healthcare Products,254.0,16.5,7.41,9.08,144694.0,144.694,13141.8,13.142,False,False,144.694,13.1418
2016,Healthcare Support Services,121.0,41.84,6.44,35.4,109385.7,109.386,38725.4,38.725,False,False,109.3857,38.7254
2016,Heathcare Information and Technology,125.0,15.81,6.89,8.92,55447.7,55.448,4945.2,4.945,False,False,55.4477,4.9452
2016,Homebuilding,33.0,8.71,6.0,2.71,68346.7,68.347,1851.1,1.851,False,False,68.3467,1.8511
2016,Hospitals/Healthcare Facilities,38.0,13.44,4.61,8.83,86016.9,86.017,7595.0,7.595,False,False,86.01689999999999,7.595
2016,Hotel/Gaming,69.0,10.71,5.85,4.87,150948.8,150.949,7347.7,7.348,False,False,150.94879999999998,7.3477
2016,Household Products,129.0,31.04,6.15,24.89,91278.6,91.279,22719.1,22.719,False,False,91.27860000000001,22.719099999999997
2016,Information Services,64.0,36.41,7.03,29.38,82422.4,82.422,24215.2,24.215,False,False,82.4224,24.2152
2016,Insurance (General),19.0,4.37,6.06,-1.69,206920.3,206.92,-3488.4,-3.488,False,False,206.9203,-3.4884
2016,Insurance (Life),22.0,7.27,5.74,1.53,281912.4,281.912,4314.2,4.314,False,False,281.91240000000005,4.3142
2016,Insurance (Prop/Cas.),50.0,9.36,5.97,3.39,157406.8,157.407,5343.0,5.343,False,False,157.40679999999998,5.343
2016,Investments & Asset Management,156.0,5.85,5.47,0.38,286589.7,286.59,1086.6,1.087,False,False,286.5897,1.0866
2016,Machinery,127.0,23.85,7.35,16.49,64204.9,64.205,10589.4,10.589,False,False,64.2049,10.5894
2016,Metals & Mining,97.0,3.73,7.56,-3.83,49984.5,49.984,-1916.5,-1.917,False,False,49.9845,-1.9165
2016,Office Equipment & Services,24.0,22.72,7.82,14.9,9405.2,9.405,1400.9,1.401,False,False,9.4052,1.4009
2016,Oil/Gas (Integrated),7.0,-2.19,7.68,-9.87,426411.9,426.412,-42074.2,-42.074,False,False,426.4119,-42.0742
2016,Oil/Gas (Production and Exploration),330.0,-7.17,8.0,-15.17,518952.5,518.953,-78721.9,-78.722,False,False,518.9525,-78.72189999999999
2016,Oil/Gas Distribution,78.0,7.37,6.19,1.18,484178.4,484.178,5721.6,5.722,False,False,484.1784,5.7216000000000005
2016,Oilfield Svcs/Equip.,148.0,4.38,8.25,-3.87,250566.1,250.566,-9696.2,-9.696,False,False,250.5661,-9.696200000000001
2016,Packaging & Container,26.0,14.74,5.38,9.36,56921.1,56.921,5325.9,5.326,False,False,56.921099999999996,5.3259
2016,Paper/Forest Products,23.0,7.37,6.6,0.78,13022.3,13.022,101.0,0.101,False,False,13.0223,0.101
2016,Power,68.0,7.32,3.81,3.5,626781.9,626.782,21955.8,21.956,False,False,626.7819000000001,21.9558
2016,Precious Metals,109.0,6.43,8.32,-1.89,26434.3,26.434,-499.8,-0.5,False,False,26.4343,-0.4998
2016,Publishing & Newspapers,37.0,13.42,7.15,6.27,23279.0,23.279,1458.6,1.459,False,False,23.279,1.4586
2016,R.E.I.T.,238.0,3.01,4.47,-1.46,1191529.9,1191.53,-17428.6,-17.429,False,False,1191.5299,-17.4286
2016,Real Estate (Development),18.0,1.58,4.74,-3.17,7199.2,7.199,-228.1,-0.228,False,False,7.199199999999999,-0.2281
2016,Real Estate (General/Diversified),11.0,5.13,8.14,-3.01,3451.9,3.452,-104.0,-0.104,False,False,3.4519,-0.104
2016,Real Estate (Operations & Services),54.0,11.22,5.54,5.67,18419.0,18.419,1044.8,1.045,False,False,18.419,1.0448
2016,Recreation,66.0,16.44,6.39,10.05,24933.4,24.933,2506.1,2.506,False,False,24.933400000000002,2.5061
2016,Reinsurance,3.0,9.15,5.51,3.64,17270.4,17.27,628.5,0.629,False,False,17.270400000000002,0.6285
2016,Restaurant/Dining,86.0,15.88,5.6,10.28,95575.2,95.575,9829.9,9.83,False,False,95.5752,9.8299
2016,Retail (Automotive),25.0,10.97,5.57,5.4,59576.8,59.577,3219.5,3.219,False,False,59.576800000000006,3.2195
2016,Retail (Building Supply),6.0,25.61,8.45,17.16,55307.3,55.307,9488.9,9.489,False,False,55.307300000000005,9.4889
2016,Retail (Distributors),88.0,12.84,6.37,6.47,75258.3,75.258,4871.3,4.871,False,False,75.2583,4.8713
2016,Retail (General),19.0,11.57,6.66,4.92,242587.1,242.587,11926.4,11.926,False,False,242.5871,11.9264
2016,Retail (Grocery and Food),14.0,8.1,4.66,3.43,40827.4,40.827,1402.4,1.402,False,False,40.827400000000004,1.4024
2016,Retail (Special Lines),108.0,11.98,6.2,5.79,259150.5,259.151,14994.9,14.995,False,False,259.1505,14.9949
2016,Rubber& Tires,4.0,17.6,6.8,10.8,11085.5,11.085,1197.5,1.197,False,False,11.0855,1.1975
2016,Semiconductor,80.0,12.88,8.38,4.5,255567.8,255.568,11493.3,11.493,False,False,255.56779999999998,11.4933
2016,Semiconductor Equip,45.0,15.89,7.77,8.12,33391.4,33.391,2711.2,2.711,False,False,33.391400000000004,2.7112
2016,Shipbuilding & Marine,11.0,4.43,7.05,-2.62,7877.9,7.878,-206.3,-0.206,False,False,7.8778999999999995,-0.2063
2016,Shoe,10.0,22.14,6.81,15.32,20682.5,20.682,3169.2,3.169,False,False,20.6825,3.1692
2016,Software (Entertainment),13.0,25.89,7.28,18.6,9245.0,9.245,1719.7,1.72,False,False,9.245,1.7197
2016,Software (Internet),297.0,15.0,8.63,6.38,244022.5,244.022,15557.6,15.558,False,False,244.0225,15.5576
2016,Software (System & Application),236.0,15.2,7.68,7.51,270035.5,270.036,20291.3,20.291,False,False,270.0355,20.2913
2016,Steel,38.0,1.02,8.53,-7.51,45015.5,45.016,-3381.8,-3.382,False,False,45.0155,-3.3818
2016,Telecom (Wireless),17.0,2.44,5.22,-2.78,125293.7,125.294,-3479.4,-3.479,False,False,125.2937,-3.4794
2016,Telecom. Equipment,107.0,15.53,6.92,8.61,125160.1,125.16,10775.7,10.776,False,False,125.1601,10.7757
2016,Telecom. Services,67.0,15.82,5.93,9.89,353758.0,353.758,34980.5,34.98,False,False,353.758,34.9805
2016,Tobacco,22.0,60.73,8.63,52.11,38343.7,38.344,19979.6,19.98,False,False,38.3437,19.979599999999998
2016,Transportation,17.0,23.86,6.74,17.13,53306.9,53.307,9130.2,9.13,False,False,53.3069,9.1302
2016,Transportation (Railroads),7.0,12.51,5.87,6.64,90087.7,90.088,5978.6,5.979,False,False,90.0877,5.9786
2016,Trucking,30.0,7.84,5.93,1.9,56995.0,56.995,1085.7,1.086,False,False,56.995,1.0857
2016,Utility (General),18.0,6.81,3.47,3.34,229841.1,229.841,7671.4,7.671,False,False,229.8411,7.671399999999999
2016,Utility (Water),22.0,6.1,4.92,1.19,18130.4,18.13,215.3,0.215,False,False,18.1304,0.21530000000000002
2017,Advertising,40.0,77.57,6.99,70.58,4448.2,4.448,3139.4,3.139,False,False,4.4482,3.1394
2017,Aerospace/Defense,87.0,37.05,7.14,29.91,105760.2,105.76,31634.0,31.634,False,False,105.7602,31.634
2017,Air Transport,17.0,13.5,5.64,7.86,119224.8,119.225,9371.9,9.372,False,False,119.2248,9.3719
2017,Apparel,51.0,14.18,6.4,7.78,41791.4,41.791,3250.8,3.251,False,False,41.7914,3.2508000000000004
2017,Auto & Truck,18.0,3.97,5.06,-1.09,337605.6,337.606,-3686.3,-3.686,False,False,337.6056,-3.6863
2017,Auto Parts,62.0,23.79,6.64,17.14,28922.8,28.923,4958.4,4.958,False,False,28.9228,4.958399999999999
2017,Beverage (Alcoholic),28.0,24.32,7.87,16.46,19905.1,19.905,3275.4,3.275,False,False,19.905099999999997,3.2754000000000003
2017,Beverage (Soft),35.0,24.92,5.42,19.49,87135.1,87.135,16986.8,16.987,False,False,87.13510000000001,16.9868
2017,Broadcasting,27.0,21.38,5.39,15.99,44114.5,44.115,7054.4,7.054,False,False,44.1145,7.054399999999999
2017,Building Materials,39.0,18.27,7.15,11.13,27670.9,27.671,3079.0,3.079,False,False,27.670900000000003,3.079
2017,Business & Consumer Services,169.0,26.37,7.19,19.18,37887.9,37.888,7265.5,7.266,False,False,37.8879,7.2655
2017,Cable TV,14.0,12.72,5.58,7.14,180984.5,180.984,12921.9,12.922,False,False,180.9845,12.921899999999999
2017,Chemical (Basic),38.0,14.43,6.88,7.55,21952.0,21.952,1657.5,1.658,False,False,21.952,1.6575
2017,Chemical (Diversified),7.0,16.59,10.78,5.81,53163.8,53.164,3091.4,3.091,False,False,53.1638,3.0914
2017,Chemical (Specialty),99.0,16.74,6.93,9.81,102324.8,102.325,10042.9,10.043,False,False,102.3248,10.0429
2017,Coal & Related Energy,30.0,8.53,7.96,0.57,14661.6,14.662,84.3,0.084,False,False,14.6616,0.0843
2017,Computer Services,111.0,27.96,6.82,21.14,79855.6,79.856,16883.2,16.883,False,False,79.85560000000001,16.883200000000002
2017,Computers/Peripherals,58.0,23.86,6.84,17.02,292277.5,292.277,49754.4,49.754,False,False,292.2775,49.754400000000004
2017,Construction Supplies,49.0,10.59,6.85,3.74,106401.9,106.402,3982.3,3.982,False,False,106.4019,3.9823000000000004
2017,Diversified,24.0,10.98,7.07,3.91,471160.1,471.16,18402.7,18.403,False,False,471.1601,18.4027
2017,Drugs (Biotechnology),459.0,11.6,9.24,2.36,292892.4,292.892,6897.7,6.898,False,False,292.8924,6.8976999999999995
2017,Drugs (Pharmaceutical),185.0,17.68,8.13,9.55,315607.1,315.607,30144.2,30.144,False,False,315.6071,30.1442
2017,Education,34.0,11.47,6.79,4.68,11721.8,11.722,548.6,0.549,False,False,11.7218,0.5486
2017,Electrical Equipment,118.0,21.88,7.32,14.56,30109.1,30.109,4384.5,4.384,False,False,30.109099999999998,4.3845
2017,Electronics (Consumer & Office),24.0,-5.54,7.67,-13.21,2465.5,2.466,-325.8,-0.326,False,False,2.4655,-0.32580000000000003
2017,Electronics (General),167.0,13.55,6.63,6.93,63119.1,63.119,4371.2,4.371,False,False,63.119099999999996,4.3712
2017,Engineering/Construction,49.0,18.43,7.51,10.92,22954.0,22.954,2506.9,2.507,False,False,22.954,2.5069
2017,Entertainment,90.0,31.11,6.93,24.18,99100.5,99.101,23964.1,23.964,False,False,99.1005,23.9641
2017,Environmental & Waste Services,87.0,21.28,6.01,15.28,26878.4,26.878,4105.9,4.106,False,False,26.878400000000003,4.105899999999999
2017,Farming/Agriculture,34.0,7.14,5.04,2.1,94648.3,94.648,1983.0,1.983,False,False,94.6483,1.983
2017,Food Processing,87.0,19.71,5.17,14.54,140548.9,140.549,20441.1,20.441,False,False,140.5489,20.4411
2017,Food Wholesalers,15.0,19.96,9.16,10.8,15712.8,15.713,1697.2,1.697,False,False,15.7128,1.6972
2017,Furn/Home Furnishings,31.0,17.56,5.67,11.89,21369.2,21.369,2540.7,2.541,False,False,21.3692,2.5406999999999997
2017,Green & Renewable Energy,22.0,1.94,5.77,-3.83,10292.3,10.292,-394.3,-0.394,False,False,10.2923,-0.3943
2017,Healthcare Products,251.0,16.3,6.66,9.64,138323.0,138.323,13333.4,13.333,False,False,138.323,13.3334
2017,Healthcare Support Services,115.0,50.54,6.17,44.37,96478.5,96.479,42803.0,42.803,False,False,96.4785,42.803
2017,Heathcare Information and Technology,112.0,15.73,6.67,9.06,57513.8,57.514,5212.1,5.212,False,False,57.5138,5.2121
2017,Homebuilding,32.0,9.31,6.6,2.71,75867.3,75.867,2053.6,2.054,False,False,75.8673,2.0536
2017,Hospitals/Healthcare Facilities,35.0,11.84,4.93,6.9,87430.8,87.431,6035.6,6.036,False,False,87.4308,6.0356000000000005
2017,Hotel/Gaming,70.0,11.33,5.98,5.35,160151.8,160.152,8570.9,8.571,False,False,160.15179999999998,8.5709
2017,Household Products,131.0,29.52,6.69,22.83,100106.6,100.107,22853.2,22.853,False,False,100.1066,22.8532
2017,Information Services,61.0,33.51,6.36,27.15,98935.7,98.936,26865.1,26.865,False,False,98.9357,26.865099999999998
2017,Insurance (General),21.0,2.82,5.38,-2.55,198699.1,198.699,-5075.4,-5.075,False,False,198.69910000000002,-5.075399999999999
2017,Insurance (Life),25.0,4.4,5.79,-1.39,333470.4,333.47,-4635.7,-4.636,False,False,333.47040000000004,-4.6357
2017,Insurance (Prop/Cas.),50.0,8.32,5.85,2.47,162647.5,162.648,4022.1,4.022,False,False,162.6475,4.0221
2017,Investments & Asset Management,165.0,9.89,6.11,3.78,167460.2,167.46,6331.9,6.332,False,False,167.46020000000001,6.331899999999999
2017,Machinery,126.0,25.89,7.38,18.51,63858.6,63.859,11820.1,11.82,False,False,63.858599999999996,11.8201
2017,Metals & Mining,102.0,14.34,7.37,6.98,48661.0,48.661,3395.1,3.395,False,False,48.661,3.3951
2017,Office Equipment & Services,24.0,17.72,7.2,10.51,8975.7,8.976,943.7,0.944,False,False,8.975700000000002,0.9437000000000001
2017,Oil/Gas (Integrated),5.0,2.15,8.45,-6.3,430952.4,430.952,-27147.6,-27.148,False,False,430.9524,-27.147599999999997
2017,Oil/Gas (Production and Exploration),311.0,0.09,7.76,-7.67,416642.0,416.642,-31952.2,-31.952,False,False,416.642,-31.9522
2017,Oil/Gas Distribution,16.0,6.13,5.85,0.28,133143.4,133.143,370.9,0.371,False,False,133.14339999999999,0.37089999999999995
2017,Oilfield Svcs/Equip.,130.0,6.42,7.44,-1.02,212256.5,212.257,-2167.6,-2.168,False,False,212.2565,-2.1675999999999997
2017,Packaging & Container,25.0,14.58,5.02,9.56,60945.5,60.946,5824.7,5.825,False,False,60.9455,5.8247
2017,Paper/Forest Products,21.0,8.48,6.92,1.56,12841.4,12.841,200.0,0.2,False,False,12.8414,0.2
2017,Power,61.0,6.43,4.01,2.42,699127.9,699.128,16906.5,16.906,False,False,699.1279000000001,16.9065
2017,Precious Metals,111.0,7.53,7.14,0.4,23887.4,23.887,95.1,0.095,False,False,23.887400000000003,0.09509999999999999
2017,Publishing & Newspapers,41.0,13.48,6.17,7.32,22934.4,22.934,1678.1,1.678,False,False,22.9344,1.6781
2017,R.E.I.T.,244.0,3.08,4.43,-1.35,1237891.2,1237.891,-16750.4,-16.75,False,False,1237.8912,-16.750400000000003
2017,Real Estate (Development),20.0,2.27,5.21,-2.93,6959.7,6.96,-204.2,-0.204,False,False,6.9597,-0.2042
2017,Real Estate (General/Diversified),10.0,4.32,5.58,-1.26,2011.1,2.011,-25.4,-0.025,False,False,2.0111,-0.0254
2017,Real Estate (Operations & Services),60.0,11.05,6.13,4.92,20500.8,20.501,1008.4,1.008,False,False,20.500799999999998,1.0084
2017,Recreation,70.0,14.59,5.87,8.72,25131.2,25.131,2191.4,2.191,False,False,25.1312,2.1914000000000002
2017,Reinsurance,3.0,5.97,4.47,1.5,20229.1,20.229,303.4,0.303,False,False,20.2291,0.3034
2017,Restaurant/Dining,81.0,17.01,5.81,11.2,89035.8,89.036,9967.9,9.968,False,False,89.03580000000001,9.9679
2017,Retail (Automotive),25.0,10.38,5.57,4.81,62720.4,62.72,3015.2,3.015,False,False,62.7204,3.0151999999999997
2017,Retail (Building Supply),8.0,30.3,6.19,24.11,56075.1,56.075,13521.5,13.522,False,False,56.0751,13.5215
2017,Retail (Distributors),92.0,13.18,6.59,6.59,76798.7,76.799,5059.6,5.06,False,False,76.7987,5.0596000000000005
2017,Retail (General),18.0,11.9,6.61,5.29,232201.7,232.202,12288.5,12.288,False,False,232.20170000000002,12.2885
2017,Retail (Grocery and Food),14.0,8.75,4.62,4.13,33460.9,33.461,1381.1,1.381,False,False,33.4609,1.3811
2017,Retail (Special Lines),106.0,11.69,6.29,5.4,241725.3,241.725,13047.9,13.048,False,False,241.72529999999998,13.0479
2017,Rubber& Tires,4.0,13.96,5.38,8.58,12257.5,12.257,1052.0,1.052,False,False,12.2575,1.052
2017,Semiconductor,72.0,16.13,7.74,8.39,278697.5,278.697,23374.4,23.374,False,False,278.6975,23.3744
2017,Semiconductor Equip,45.0,29.06,6.94,22.12,33452.5,33.453,7398.3,7.398,False,False,33.4525,7.3983
2017,Shipbuilding & Marine,9.0,4.88,8.26,-3.38,6752.6,6.753,-228.2,-0.228,False,False,6.7526,-0.2282
2017,Shoe,11.0,20.4,6.54,13.86,21309.8,21.31,2954.3,2.954,False,False,21.3098,2.9543000000000004
2017,Software (Entertainment),13.0,27.79,6.7,21.1,11650.1,11.65,2457.9,2.458,False,False,11.6501,2.4579
2017,Software (Internet),305.0,16.63,8.36,8.27,296483.3,296.483,24524.0,24.524,False,False,296.4833,24.524
2017,Software (System & Application),255.0,14.82,7.32,7.5,305570.9,305.571,22928.2,22.928,False,False,305.57090000000005,22.9282
2017,Steel,37.0,15.67,9.49,6.18,37326.1,37.326,2306.9,2.307,False,False,37.3261,2.3069
2017,Telecom (Wireless),18.0,5.43,5.72,-0.29,125359.0,125.359,-361.2,-0.361,False,False,125.359,-0.36119999999999997
2017,Telecom. Equipment,104.0,13.59,6.86,6.73,134237.7,134.238,9031.6,9.032,False,False,134.23770000000002,9.031600000000001
2017,Telecom. Services,66.0,15.97,5.72,10.24,332298.0,332.298,34039.8,34.04,False,False,332.298,34.0398
2017,Tobacco,24.0,95.59,7.97,87.63,21112.5,21.113,18500.5,18.5,False,False,21.1125,18.5005
2017,Transportation,18.0,17.61,6.25,11.36,59185.1,59.185,6722.3,6.722,False,False,59.1851,6.722300000000001
2017,Transportation (Railroads),8.0,13.55,6.64,6.92,91813.0,91.813,6351.4,6.351,False,False,91.813,6.3514
2017,Trucking,30.0,7.07,6.23,0.84,55256.2,55.256,466.7,0.467,False,False,55.2562,0.4667
2017,Utility (General),18.0,6.21,3.28,2.93,249267.0,249.267,7305.1,7.305,False,False,249.267,7.3051
2017,Utility (Water),23.0,6.53,3.76,2.76,20026.7,20.027,553.6,0.554,False,False,20.0267,0.5536
2018,Advertising,48.0,64.62,7.49,57.12,5245.3,5.245,2996.3,2.996,False,False,5.2453,2.9963
2018,Aerospace/Defense,85.0,39.77,8.72,31.04,108580.0,108.58,33706.8,33.707,False,False,108.58,33.7068
2018,Air Transport,18.0,13.64,6.1,7.54,127434.3,127.434,9606.0,9.606,False,False,127.43430000000001,9.606
2018,Apparel,50.0,14.25,6.98,7.27,39796.8,39.797,2894.9,2.895,False,False,39.796800000000005,2.8949000000000003
2018,Auto & Truck,14.0,3.63,4.58,-0.95,376561.1,376.561,-3567.3,-3.567,False,False,376.56109999999995,-3.5673000000000004
2018,Auto Parts,52.0,20.63,7.86,12.77,34658.8,34.659,4424.8,4.425,False,False,34.6588,4.4248
2018,Beverage (Alcoholic),31.0,18.21,8.57,9.65,28724.4,28.724,2770.8,2.771,False,False,28.724400000000003,2.7708000000000004
2018,Beverage (Soft),37.0,26.12,8.5,17.62,85372.1,85.372,15045.2,15.045,False,False,85.3721,15.045200000000001
2018,Broadcasting,24.0,24.9,5.44,19.46,40424.6,40.425,7867.2,7.867,False,False,40.4246,7.8671999999999995
2018,Building Materials,42.0,20.16,7.7,12.46,29694.1,29.694,3699.5,3.7,False,False,29.6941,3.6995
2018,Business & Consumer Services,168.0,24.97,8.22,16.74,52208.8,52.209,8740.6,8.741,False,False,52.208800000000004,8.7406
2018,Cable TV,14.0,14.06,6.82,7.24,218041.8,218.042,15786.6,15.787,False,False,218.0418,15.7866
2018,Chemical (Basic),39.0,19.17,8.52,10.65,21535.1,21.535,2293.8,2.294,False,False,21.5351,2.2938
2018,Chemical (Diversified),6.0,16.62,10.72,5.9,94956.5,94.956,5598.0,5.598,False,False,94.9565,5.598
2018,Chemical (Specialty),89.0,17.23,8.12,9.11,106037.8,106.038,9658.1,9.658,False,False,106.0378,9.658100000000001
2018,Coal & Related Energy,23.0,13.59,7.14,6.46,8826.0,8.826,569.8,0.57,False,False,8.826,0.5698
2018,Computer Services,119.0,26.66,8.32,18.33,95742.3,95.742,17551.2,17.551,False,False,95.7423,17.5512
2018,Computers/Peripherals,57.0,22.26,10.83,11.43,353491.4,353.491,40409.3,40.409,False,False,353.4914,40.4093
2018,Construction Supplies,48.0,16.87,8.76,8.11,104776.5,104.777,8498.1,8.498,False,False,104.7765,8.4981
2018,Diversified,23.0,10.93,8.78,2.15,511919.3,511.919,11012.2,11.012,False,False,511.91929999999996,11.0122
2018,Drugs (Biotechnology),481.0,9.5,10.48,-0.98,332032.0,332.032,-3257.2,-3.257,False,False,332.032,-3.2571999999999997
2018,Drugs (Pharmaceutical),237.0,16.79,10.49,6.3,365407.0,365.407,23022.3,23.022,False,False,365.407,23.022299999999998
2018,Education,35.0,13.16,8.61,4.55,11640.4,11.64,529.8,0.53,False,False,11.6404,0.5297999999999999
2018,Electrical Equipment,116.0,26.85,9.27,17.58,30542.5,30.543,5369.2,5.369,False,False,30.5425,5.3692
2018,Electronics (Consumer & Office),19.0,-3.51,9.21,-12.72,2476.6,2.477,-315.0,-0.315,False,False,2.4766,-0.315
2018,Electronics (General),160.0,14.44,7.87,6.56,66443.5,66.444,4361.7,4.362,False,False,66.4435,4.3617
2018,Engineering/Construction,52.0,21.26,6.96,14.3,24905.2,24.905,3561.4,3.561,False,False,24.9052,3.5614
2018,Entertainment,120.0,26.85,9.42,17.43,108636.6,108.637,18940.7,18.941,False,False,108.6366,18.9407
2018,Environmental & Waste Services,91.0,21.22,8.18,13.04,32854.1,32.854,4283.1,4.283,False,False,32.854099999999995,4.2831
2018,Farming/Agriculture,33.0,8.77,5.43,3.34,99568.4,99.568,3324.2,3.324,False,False,99.5684,3.3242
2018,Food Processing,83.0,20.19,6.12,14.07,147121.7,147.122,20705.0,20.705,False,False,147.1217,20.705
2018,Food Wholesalers,18.0,23.33,9.59,13.74,16278.2,16.278,2236.6,2.237,False,False,16.278200000000002,2.2365999999999997
2018,Furn/Home Furnishings,30.0,14.66,6.43,8.23,23108.5,23.108,1902.2,1.902,False,False,23.1085,1.9022000000000001
2018,Green & Renewable Energy,21.0,2.42,7.43,-5.01,10100.7,10.101,-505.7,-0.506,False,False,10.100700000000002,-0.5057
2018,Healthcare Products,248.0,16.56,8.6,7.96,154393.5,154.394,12290.0,12.29,False,False,154.3935,12.29
2018,Healthcare Support Services,111.0,43.96,7.92,36.03,121147.8,121.148,43655.6,43.656,False,False,121.1478,43.6556
2018,Heathcare Information and Technology,119.0,14.78,9.34,5.44,70359.1,70.359,3828.5,3.828,False,False,70.35910000000001,3.8285
2018,Homebuilding,31.0,11.55,6.46,5.09,71375.2,71.375,3634.2,3.634,False,False,71.37519999999999,3.6342
2018,Hospitals/Healthcare Facilities,34.0,14.13,5.89,8.25,78678.7,78.679,6487.2,6.487,False,False,78.67869999999999,6.4872
2018,Hotel/Gaming,70.0,14.23,6.52,7.71,145094.4,145.094,11190.4,11.19,False,False,145.0944,11.1904
2018,Household Products,141.0,26.99,8.37,18.62,107695.5,107.695,20056.2,20.056,False,False,107.6955,20.0562
2018,Information Services,71.0,38.95,8.55,30.4,102102.6,102.103,31038.9,31.039,False,False,102.10260000000001,31.0389
2018,Insurance (General),20.0,6.95,6.2,0.75,178009.9,178.01,1340.4,1.34,False,False,178.0099,1.3404
2018,Insurance (Life),23.0,8.45,6.14,2.31,281482.6,281.483,6504.8,6.505,False,False,281.4826,6.5048
2018,Insurance (Prop/Cas.),50.0,11.99,6.2,5.79,162445.1,162.445,9407.7,9.408,False,False,162.4451,9.4077
2018,Investments & Asset Management,172.0,8.22,6.79,1.42,228994.2,228.994,3253.8,3.254,False,False,228.9942,3.2538
2018,Machinery,127.0,25.82,8.27,17.55,75899.3,75.899,13321.4,13.321,False,False,75.8993,13.321399999999999
2018,Metals & Mining,94.0,26.71,9.31,17.4,41453.6,41.454,7213.8,7.214,False,False,41.4536,7.2138
2018,Office Equipment & Services,24.0,18.43,9.55,8.88,8995.2,8.995,799.0,0.799,False,False,8.9952,0.799
2018,Oil/Gas (Integrated),5.0,7.99,8.57,-0.57,436492.2,436.492,-2502.5,-2.502,False,False,436.4922,-2.5025
2018,Oil/Gas (Production and Exploration),301.0,7.19,8.52,-1.33,400425.2,400.425,-5343.4,-5.343,False,False,400.4252,-5.3434
2018,Oil/Gas Distribution,20.0,7.24,6.08,1.16,142055.6,142.056,1641.1,1.641,False,False,142.0556,1.6411
2018,Oilfield Svcs/Equip.,134.0,13.71,8.31,5.4,188062.4,188.062,10150.9,10.151,False,False,188.0624,10.1509
2018,Packaging & Container,27.0,17.68,6.71,10.97,64579.4,64.579,7082.9,7.083,False,False,64.5794,7.0828999999999995
2018,Paper/Forest Products,20.0,15.4,8.53,6.87,9904.6,9.905,680.6,0.681,False,False,9.9046,0.6806
2018,Power,51.0,6.91,4.49,2.42,662875.4,662.875,16049.1,16.049,False,False,662.8754,16.0491
2018,Precious Metals,91.0,4.65,8.78,-4.14,22263.9,22.264,-920.8,-0.921,False,False,22.263900000000003,-0.9208
2018,Publishing & Newspapers,33.0,14.98,7.26,7.71,19322.5,19.323,1490.1,1.49,False,False,19.3225,1.4901
2018,R.E.I.T.,238.0,3.17,4.8,-1.63,1294125.1,1294.125,-21104.4,-21.104,False,False,1294.1251000000002,-21.104400000000002
2018,Real Estate (Development),18.0,0.88,7.19,-6.3,7005.3,7.005,-441.5,-0.441,False,False,7.0053,-0.4415
2018,Real Estate (General/Diversified),11.0,11.99,8.11,3.88,1910.9,1.911,74.1,0.074,False,False,1.9109,0.0741
2018,Real Estate (Operations & Services),59.0,11.08,7.82,3.26,22300.4,22.3,726.5,0.727,False,False,22.3004,0.7265
2018,Recreation,72.0,12.73,7.16,5.57,24649.9,24.65,1374.1,1.374,False,False,24.649900000000002,1.3740999999999999
2018,Reinsurance,2.0,11.03,7.13,3.89,19450.8,19.451,757.4,0.757,False,True,19.4508,0.7574
2018,Restaurant/Dining,78.0,18.9,6.31,12.59,85010.8,85.011,10701.8,10.702,False,False,85.0108,10.701799999999999
2018,Retail (Automotive),24.0,11.37,6.87,4.5,67209.8,67.21,3021.9,3.022,False,False,67.2098,3.0219
2018,Retail (Building Supply),17.0,26.26,8.24,18.02,70218.1,70.218,12654.0,12.654,False,False,70.2181,12.654
2018,Retail (Distributors),88.0,15.56,8.15,7.41,81902.9,81.903,6065.1,6.065,False,False,81.90289999999999,6.0651
2018,Retail (General),19.0,14.89,6.85,8.04,222059.3,222.059,17844.4,17.844,False,False,222.05929999999998,17.8444
2018,Retail (Grocery and Food),12.0,8.77,4.35,4.41,32396.0,32.396,1429.3,1.429,False,False,32.396,1.4293
2018,Retail (Special Lines),91.0,14.12,7.14,6.98,170540.2,170.54,11907.6,11.908,False,False,170.5402,11.9076
2018,Rubber& Tires,4.0,8.28,4.06,4.22,13459.3,13.459,567.5,0.567,False,False,13.459299999999999,0.5675
2018,Semiconductor,72.0,22.7,9.75,12.95,281340.5,281.341,36438.7,36.439,False,False,281.3405,36.4387
2018,Semiconductor Equip,41.0,26.86,9.88,16.98,41594.9,41.595,7063.0,7.063,False,False,41.5949,7.063
2018,Shipbuilding & Marine,9.0,7.4,7.05,0.36,7086.2,7.086,25.5,0.025,False,False,7.0862,0.0255
2018,Shoe,10.0,21.54,6.9,14.64,21777.2,21.777,3188.8,3.189,False,False,21.7772,3.1888
2018,Software (Entertainment),92.0,19.76,10.04,9.72,290786.4,290.786,28253.8,28.254,False,False,290.7864,28.2538
2018,Software (Internet),44.0,15.59,9.95,5.64,9158.2,9.158,516.4,0.516,False,False,9.1582,0.5164
2018,Software (System & Application),355.0,16.47,9.25,7.22,370937.0,370.937,26788.8,26.789,False,False,370.937,26.7888
2018,Steel,37.0,22.43,9.35,13.08,39666.7,39.667,5187.8,5.188,False,False,39.6667,5.1878
2018,Telecom (Wireless),21.0,6.66,6.57,0.1,133953.4,133.953,130.3,0.13,False,False,133.9534,0.1303
2018,Telecom. Equipment,98.0,13.65,8.3,5.36,132482.9,132.483,7098.7,7.099,False,False,132.4829,7.0987
2018,Telecom. Services,67.0,17.46,6.87,10.59,348290.1,348.29,36888.2,36.888,False,False,348.2901,36.8882
2018,Tobacco,17.0,64.53,8.97,55.55,32322.1,32.322,17956.0,17.956,False,False,32.3221,17.956
2018,Transportation,19.0,23.38,7.59,15.79,65584.3,65.584,10356.5,10.357,False,False,65.5843,10.3565
2018,Transportation (Railroads),10.0,19.93,14.27,5.66,93033.7,93.034,5267.9,5.268,False,False,93.0337,5.2679
2018,Trucking,28.0,10.53,6.63,3.9,61126.9,61.127,2384.4,2.384,False,False,61.1269,2.3844000000000003
2018,Utility (General),18.0,6.73,3.61,3.12,265675.1,265.675,8281.9,8.282,False,False,265.6751,8.2819
2018,Utility (Water),19.0,7.4,4.45,2.95,20389.9,20.39,600.5,0.601,False,False,20.3899,0.6005
2019,Advertising,47.0,63.51,6.35,57.17,5554.5,5.555,3175.3,3.175,False,False,5.5545,3.1753
2019,Aerospace/Defense,77.0,33.93,7.18,26.76,132563.4,132.563,35468.5,35.468,False,False,132.5634,35.4685
2019,Air Transport,18.0,13.69,5.86,7.83,124597.3,124.597,9758.8,9.759,False,False,124.5973,9.758799999999999
2019,Apparel,51.0,16.34,6.04,10.3,44778.8,44.779,4613.9,4.614,False,False,44.778800000000004,4.613899999999999
2019,Auto & Truck,13.0,2.89,4.4,-1.51,392238.0,392.238,-5922.4,-5.922,False,False,392.238,-5.9224
2019,Auto Parts,46.0,17.0,6.37,10.63,36036.4,36.036,3829.0,3.829,False,False,36.0364,3.829
2019,Beverage (Alcoholic),21.0,14.95,6.58,8.37,33134.0,33.134,2772.6,2.773,False,False,33.134,2.7725999999999997
2019,Beverage (Soft),34.0,26.21,7.37,18.84,91085.5,91.085,17157.9,17.158,False,False,91.0855,17.1579
2019,Broadcasting,27.0,21.47,5.36,16.11,56341.5,56.342,9074.8,9.075,False,False,56.3415,9.0748
2019,Building Materials,42.0,18.65,6.9,11.76,30204.7,30.205,3550.6,3.551,False,False,30.2047,3.5505999999999998
2019,Business & Consumer Services,165.0,21.94,6.37,15.57,56750.8,56.751,8835.9,8.836,False,False,56.750800000000005,8.835899999999999
2019,Cable TV,14.0,12.15,5.74,6.41,249296.3,249.296,15974.1,15.974,False,False,249.2963,15.9741
2019,Chemical (Basic),43.0,11.68,6.65,5.03,52219.7,52.22,2628.6,2.629,False,False,52.219699999999996,2.6286
2019,Chemical (Diversified),6.0,11.78,7.55,4.24,19573.9,19.574,829.4,0.829,False,False,19.573900000000002,0.8294
2019,Chemical (Specialty),94.0,12.93,6.7,6.23,214409.1,214.409,13361.9,13.362,False,False,214.4091,13.3619
2019,Coal & Related Energy,22.0,12.7,6.33,6.37,6378.2,6.378,406.2,0.406,False,False,6.3782,0.4062
2019,Computer Services,106.0,24.89,6.5,18.39,96293.9,96.294,17708.0,17.708,False,False,96.2939,17.708
2019,Computers/Peripherals,48.0,22.64,9.9,12.74,323703.6,323.704,41236.8,41.237,False,False,323.7036,41.2368
2019,Construction Supplies,44.0,15.98,7.13,8.85,115412.9,115.413,10212.2,10.212,False,False,115.4129,10.212200000000001
2019,Diversified,23.0,11.55,7.6,3.95,502617.4,502.617,19854.7,19.855,False,False,502.61740000000003,19.8547
2019,Drugs (Biotechnology),503.0,8.64,8.6,0.04,311544.6,311.545,121.5,0.122,False,False,311.5446,0.1215
2019,Drugs (Pharmaceutical),267.0,18.29,8.51,9.79,332853.4,332.853,32578.3,32.578,False,False,332.8534,32.5783
2019,Education,35.0,10.85,8.3,2.55,12816.0,12.816,326.2,0.326,False,False,12.816,0.3262
2019,Electrical Equipment,113.0,25.6,8.27,17.32,36160.0,36.16,6263.6,6.264,False,False,36.16,6.2636
2019,Electronics (Consumer & Office),20.0,-2.12,7.56,-9.68,2294.2,2.294,-222.0,-0.222,False,False,2.2942,-0.222
2019,Electronics (General),153.0,13.97,7.11,6.86,68152.1,68.152,4677.7,4.678,False,False,68.1521,4.6777
2019,Engineering/Construction,54.0,14.55,8.03,6.52,32871.5,32.871,2143.4,2.143,False,False,32.8715,2.1434
2019,Entertainment,107.0,18.57,7.83,10.74,97997.8,97.998,10524.6,10.525,False,False,97.9978,10.5246
2019,Environmental & Waste Services,82.0,20.0,7.13,12.87,35447.5,35.448,4562.8,4.563,False,False,35.4475,4.5628
2019,Farming/Agriculture,31.0,6.27,5.1,1.17,106641.6,106.642,1249.4,1.249,False,False,106.64160000000001,1.2494
2019,Food Processing,88.0,15.55,5.38,10.18,173802.0,173.802,17687.3,17.687,False,False,173.802,17.6873
2019,Food Wholesalers,17.0,16.82,5.22,11.61,22005.7,22.006,2554.1,2.554,False,False,22.0057,2.5541
2019,Furn/Home Furnishings,35.0,13.36,5.97,7.39,23450.5,23.45,1733.5,1.733,False,False,23.4505,1.7335
2019,Green & Renewable Energy,22.0,1.39,4.98,-3.59,14119.9,14.12,-506.9,-0.507,False,False,14.1199,-0.5069
2019,Healthcare Products,242.0,15.87,6.81,9.06,174611.1,174.611,15823.6,15.824,False,False,174.6111,15.8236
2019,Healthcare Support Services,128.0,37.91,6.51,31.4,159100.9,159.101,49962.7,49.963,False,False,159.1009,49.9627
2019,Heathcare Information and Technology,129.0,14.4,7.67,6.72,80001.8,80.002,5379.6,5.38,False,False,80.0018,5.3796
2019,Homebuilding,32.0,11.25,5.07,6.18,83412.3,83.412,5158.6,5.159,False,False,83.4123,5.158600000000001
2019,Hospitals/Healthcare Facilities,36.0,15.31,5.15,10.16,78556.5,78.556,7982.6,7.983,False,False,78.5565,7.982600000000001
2019,Hotel/Gaming,65.0,11.64,6.31,5.33,177544.4,177.544,9468.6,9.469,False,False,177.5444,9.4686
2019,Household Products,127.0,28.18,6.61,21.57,102614.8,102.615,22132.1,22.132,False,False,102.6148,22.132099999999998
2019,Information Services,69.0,41.52,7.06,34.47,98182.8,98.183,33841.0,33.841,False,False,98.1828,33.841
2019,Insurance (General),19.0,9.61,4.81,4.8,134208.0,134.208,6448.6,6.449,False,False,134.208,6.448600000000001
2019,Insurance (Life),24.0,8.2,5.02,3.18,322693.4,322.693,10272.1,10.272,False,False,322.6934,10.2721
2019,Insurance (Prop/Cas.),51.0,10.48,4.74,5.74,188061.1,188.061,10797.2,10.797,False,False,188.0611,10.7972
2019,Investments & Asset Management,192.0,7.31,5.57,1.75,240130.2,240.13,4194.6,4.195,False,False,240.1302,4.1946
2019,Machinery,120.0,24.49,7.26,17.24,80744.2,80.744,13917.2,13.917,False,False,80.74419999999999,13.917200000000001
2019,Metals & Mining,92.0,11.26,7.24,4.02,39621.4,39.621,1593.2,1.593,False,False,39.6214,1.5932
2019,Office Equipment & Services,22.0,17.48,7.63,9.84,8859.2,8.859,872.2,0.872,False,False,8.859200000000001,0.8722000000000001
2019,Oil/Gas (Integrated),4.0,5.36,7.37,-2.01,443818.9,443.819,-8906.2,-8.906,False,False,443.81890000000004,-8.9062
2019,Oil/Gas (Production and Exploration),269.0,9.03,7.14,1.9,405662.1,405.662,7691.8,7.692,False,False,405.66209999999995,7.6918
2019,Oil/Gas Distribution,24.0,7.99,4.96,3.03,153262.6,153.263,4647.3,4.647,False,False,153.2626,4.6473
2019,Oilfield Svcs/Equip.,136.0,11.59,7.72,3.88,210782.2,210.782,8169.0,8.169,False,False,210.78220000000002,8.169
2019,Packaging & Container,24.0,16.83,5.24,11.6,66608.4,66.608,7725.9,7.726,False,False,66.60839999999999,7.725899999999999
2019,Paper/Forest Products,15.0,9.37,7.8,1.57,10323.4,10.323,161.8,0.162,False,False,10.3234,0.1618
2019,Power,52.0,6.48,3.71,2.77,693478.5,693.478,19208.3,19.208,False,False,693.4785,19.208299999999998
2019,Precious Metals,83.0,8.07,8.73,-0.67,19888.8,19.889,-132.3,-0.132,False,False,19.8888,-0.1323
2019,Publishing & Newspapers,31.0,10.47,5.45,5.03,18766.9,18.767,943.4,0.943,False,False,18.7669,0.9434
2019,R.E.I.T.,234.0,2.92,3.9,-0.98,1408050.8,1408.051,-13779.7,-13.78,False,False,1408.0508,-13.7797
2019,Real Estate (Development),20.0,2.08,6.04,-3.96,7206.9,7.207,-285.4,-0.285,False,False,7.206899999999999,-0.2854
2019,Real Estate (General/Diversified),12.0,7.41,7.8,-0.38,2106.5,2.106,-8.1,-0.008,False,False,2.1065,-0.0081
2019,Real Estate (Operations & Services),57.0,11.47,5.17,6.3,25516.8,25.517,1607.2,1.607,False,False,25.5168,1.6072
2019,Recreation,63.0,14.08,5.64,8.44,24387.0,24.387,2059.0,2.059,False,False,24.387,2.059
2019,Reinsurance,2.0,5.9,5.25,0.65,19886.7,19.887,129.5,0.13,False,True,19.8867,0.1295
2019,Restaurant/Dining,77.0,19.08,5.65,13.43,82684.0,82.684,11103.5,11.103,False,False,82.684,11.1035
2019,Retail (Automotive),26.0,9.48,6.15,3.32,73970.0,73.97,2457.6,2.458,False,False,73.97,2.4576
2019,Retail (Building Supply),17.0,28.83,7.71,21.11,69744.0,69.744,14726.4,14.726,False,False,69.744,14.7264
2019,Retail (Distributors),80.0,13.57,6.37,7.2,96193.6,96.194,6930.1,6.93,False,False,96.1936,6.9301
2019,Retail (General),18.0,13.82,6.62,7.19,219288.0,219.288,15775.6,15.776,False,False,219.288,15.7756
2019,Retail (Grocery and Food),13.0,7.13,3.74,3.39,34660.5,34.661,1175.4,1.175,False,False,34.6605,1.1754
2019,Retail (Special Lines),89.0,12.04,5.41,6.64,175075.9,175.076,11624.2,11.624,False,False,175.0759,11.6242
2019,Rubber& Tires,4.0,6.12,4.29,1.83,13730.2,13.73,250.6,0.251,False,False,13.7302,0.2506
2019,Semiconductor,72.0,17.0,7.99,9.01,306536.1,306.536,27622.8,27.623,False,False,306.5361,27.622799999999998
2019,Semiconductor Equip,39.0,22.14,7.94,14.2,38059.7,38.06,5404.9,5.405,False,False,38.0597,5.4049
2019,Shipbuilding & Marine,10.0,6.02,9.37,-3.35,8265.8,8.266,-277.0,-0.277,False,False,8.265799999999999,-0.277
2019,Shoe,11.0,30.57,6.11,24.46,18379.9,18.38,4495.3,4.495,False,False,18.379900000000003,4.4953
2019,Software (Entertainment),86.0,17.01,8.4,8.61,346186.8,346.187,29798.6,29.799,False,False,346.1868,29.798599999999997
2019,Software (Internet),30.0,11.12,9.29,1.84,13236.5,13.236,243.1,0.243,False,False,13.2365,0.24309999999999998
2019,Software (System & Application),363.0,20.03,7.67,12.36,363910.8,363.911,44988.6,44.989,False,False,363.9108,44.9886
2019,Steel,32.0,16.31,7.82,8.5,45515.2,45.515,3867.2,3.867,False,False,45.5152,3.8672
2019,Telecom (Wireless),18.0,5.65,4.96,0.69,152241.0,152.241,1052.7,1.053,False,False,152.241,1.0527
2019,Telecom. Equipment,91.0,20.7,6.01,14.69,95308.4,95.308,13997.6,13.998,False,False,95.30839999999999,13.9976
2019,Telecom. Services,67.0,13.05,5.33,7.72,478891.9,478.892,36973.4,36.973,False,False,478.8919,36.9734
2019,Tobacco,17.0,54.11,8.83,45.28,35724.4,35.724,16174.8,16.175,False,False,35.7244,16.174799999999998
2019,Transportation,18.0,10.45,6.51,3.95,80151.1,80.151,3162.5,3.162,False,False,80.1511,3.1625
2019,Transportation (Railroads),8.0,15.44,11.17,4.26,105950.5,105.95,4518.1,4.518,False,False,105.9505,4.5181000000000004
2019,Trucking,33.0,0.33,6.74,-6.42,85760.3,85.76,-5504.2,-5.504,False,False,85.7603,-5.5042
2019,Utility (General),16.0,6.63,2.85,3.77,278576.6,278.577,10512.2,10.512,False,False,278.5766,10.5122
2019,Utility (Water),17.0,7.31,4.57,2.74,21795.3,21.795,597.4,0.597,False,False,21.7953,0.5973999999999999
2020,Advertising,61.0,51.51,4.34,47.17,6177.2,6.177,2913.8,2.914,False,False,6.1772,2.9138
2020,Aerospace/Defense,72.0,19.11,4.65,14.47,148280.7,148.281,21452.7,21.453,False,False,148.28070000000002,21.4527
2020,Air Transport,17.0,-16.07,3.68,-19.74,116912.1,116.912,-23083.9,-23.084,False,False,116.91210000000001,-23.0839
2020,Apparel,51.0,7.54,4.58,2.96,43930.0,43.93,1302.3,1.302,False,False,43.93,1.3023
2020,Auto & Truck,19.0,1.17,5.23,-4.06,390990.3,390.99,-15857.2,-15.857,False,False,390.9903,-15.8572
2020,Auto Parts,52.0,6.46,5.45,1.01,41867.4,41.867,423.1,0.423,False,False,41.8674,0.42310000000000003
2020,Beverage (Alcoholic),23.0,14.43,3.86,10.57,36587.6,36.588,3867.7,3.868,False,False,36.5876,3.8676999999999997
2020,Beverage (Soft),41.0,26.74,3.96,22.78,92215.3,92.215,21006.2,21.006,False,False,92.2153,21.0062
2020,Broadcasting,29.0,16.92,3.2,13.73,77174.8,77.175,10593.0,10.593,False,False,77.1748,10.593
2020,Building Materials,42.0,24.17,4.95,19.22,34285.6,34.286,6589.6,6.59,False,False,34.285599999999995,6.589600000000001
2020,Business & Consumer Services,169.0,18.33,4.39,13.94,59386.9,59.387,8279.8,8.28,False,False,59.386900000000004,8.2798
2020,Cable TV,13.0,11.09,3.77,7.31,256895.8,256.896,18789.2,18.789,False,False,256.8958,18.7892
2020,Chemical (Basic),48.0,9.53,3.86,5.66,73189.0,73.189,4144.2,4.144,False,False,73.189,4.1442
2020,Chemical (Diversified),5.0,5.93,4.91,1.02,19211.9,19.212,195.9,0.196,False,False,19.2119,0.19590000000000002
2020,Chemical (Specialty),97.0,11.84,4.37,7.47,162494.2,162.494,12143.5,12.144,False,False,162.4942,12.1435
2020,Coal & Related Energy,29.0,-7.5,2.82,-10.31,10350.4,10.35,-1067.3,-1.067,False,False,10.3504,-1.0673
2020,Computer Services,116.0,22.98,4.63,18.35,91526.1,91.526,16793.3,16.793,False,False,91.5261,16.7933
2020,Computers/Peripherals,52.0,27.82,6.02,21.8,277589.5,277.59,60508.1,60.508,False,False,277.5895,60.5081
2020,Construction Supplies,46.0,9.93,4.44,5.49,122333.9,122.334,6718.2,6.718,False,False,122.3339,6.7181999999999995
2020,Diversified,29.0,13.44,4.6,8.84,533428.1,533.428,47176.0,47.176,False,False,533.4281,47.176
2020,Drugs (Biotechnology),547.0,6.22,4.52,1.7,318351.3,318.351,5416.1,5.416,False,False,318.3513,5.4161
2020,Drugs (Pharmaceutical),287.0,20.31,4.52,15.79,341882.8,341.883,53990.8,53.991,False,False,341.8828,53.9908
2020,Education,38.0,9.89,5.24,4.65,13755.8,13.756,639.8,0.64,False,False,13.755799999999999,0.6397999999999999
2020,Electrical Equipment,122.0,22.12,5.23,16.89,37846.6,37.847,6392.8,6.393,False,False,37.846599999999995,6.3928
2020,Electronics (Consumer & Office),22.0,4.66,5.03,-0.37,2370.0,2.37,-8.7,-0.009,False,False,2.37,-0.0087
2020,Electronics (General),157.0,11.08,4.58,6.5,72338.9,72.339,4703.8,4.704,False,False,72.3389,4.7038
2020,Engineering/Construction,61.0,14.85,4.76,10.09,31899.6,31.9,3217.7,3.218,False,False,31.8996,3.2177
2020,Entertainment,118.0,7.96,4.51,3.45,123875.3,123.875,4274.3,4.274,False,False,123.87530000000001,4.2743
2020,Environmental & Waste Services,86.0,19.19,4.48,14.71,35956.3,35.956,5289.9,5.29,False,False,35.956300000000006,5.289899999999999
2020,Farming/Agriculture,32.0,9.12,3.7,5.43,109540.2,109.54,5944.0,5.944,False,False,109.5402,5.944
2020,Food Processing,101.0,17.53,3.13,14.41,165637.2,165.637,23860.4,23.86,False,False,165.6372,23.860400000000002
2020,Food Wholesalers,18.0,8.89,3.97,4.92,24826.7,24.827,1220.5,1.221,False,False,24.826700000000002,1.2205
2020,Furn/Home Furnishings,40.0,14.59,3.98,10.62,24524.9,24.525,2604.1,2.604,False,False,24.524900000000002,2.6041
2020,Green & Renewable Energy,25.0,6.89,3.66,3.24,14485.3,14.485,468.8,0.469,False,False,14.485299999999999,0.4688
2020,Healthcare Products,265.0,13.22,4.46,8.76,187064.9,187.065,16383.2,16.383,False,False,187.0649,16.383200000000002
2020,Healthcare Support Services,129.0,35.27,3.92,31.35,215209.0,215.209,67475.0,67.475,False,False,215.209,67.475
2020,Heathcare Information and Technology,139.0,16.35,4.23,12.12,85007.2,85.007,10302.2,10.302,False,False,85.0072,10.302200000000001
2020,Homebuilding,30.0,13.58,6.06,7.52,86196.1,86.196,6482.1,6.482,False,False,86.1961,6.4821
2020,Hospitals/Healthcare Facilities,32.0,13.18,3.84,9.33,79679.3,79.679,7437.2,7.437,False,False,79.6793,7.4372
2020,Hotel/Gaming,66.0,-5.24,5.54,-10.77,188946.3,188.946,-20353.6,-20.354,False,False,188.94629999999998,-20.3536
2020,Household Products,140.0,34.99,3.9,31.09,89217.2,89.217,27740.4,27.74,False,False,89.21719999999999,27.7404
2020,Information Services,77.0,24.34,5.27,19.07,151818.8,151.819,28949.1,28.949,False,False,151.81879999999998,28.949099999999998
2020,Insurance (General),21.0,9.26,3.14,6.11,151009.3,151.009,9229.0,9.229,False,False,151.0093,9.229
2020,Insurance (Life),26.0,4.33,2.89,1.44,375256.5,375.256,5421.5,5.422,False,False,375.2565,5.4215
2020,Insurance (Prop/Cas.),55.0,10.74,3.31,7.43,203506.2,203.506,15120.4,15.12,False,False,203.5062,15.1204
2020,Investments & Asset Management,348.0,7.24,3.87,3.36,248200.5,248.2,8348.0,8.348,False,False,248.2005,8.348
2020,Machinery,125.0,21.42,5.02,16.4,88749.3,88.749,14554.2,14.554,False,False,88.7493,14.554200000000002
2020,Metals & Mining,86.0,10.75,4.33,6.42,43934.3,43.934,2822.4,2.822,False,False,43.9343,2.8224
2020,Office Equipment & Services,22.0,12.84,4.04,8.8,9183.4,9.183,807.8,0.808,False,False,9.183399999999999,0.8078
2020,Oil/Gas (Integrated),3.0,-2.33,4.98,-7.32,495867.7,495.868,-36278.7,-36.279,False,False,495.8677,-36.2787
2020,Oil/Gas (Production and Exploration),278.0,-6.33,4.07,-10.4,408084.5,408.085,-42438.7,-42.439,False,False,408.0845,-42.4387
2020,Oil/Gas Distribution,57.0,9.01,3.17,5.84,443426.7,443.427,25915.6,25.916,False,False,443.42670000000004,25.915599999999998
2020,Oilfield Svcs/Equip.,135.0,1.29,4.03,-2.74,232524.8,232.525,-6370.8,-6.371,False,False,232.5248,-6.3708
2020,Packaging & Container,26.0,12.25,3.65,8.6,87818.0,87.818,7555.4,7.555,False,False,87.818,7.5554
2020,Paper/Forest Products,15.0,8.38,4.77,3.61,9089.5,9.09,327.9,0.328,False,False,9.0895,0.32789999999999997
2020,Power,55.0,6.8,2.59,4.22,733438.1,733.438,30919.4,30.919,False,False,733.4381,30.919400000000003
2020,Precious Metals,93.0,9.87,4.07,5.8,30469.0,30.469,1767.5,1.768,False,False,30.469,1.7675
2020,Publishing & Newspapers,29.0,10.48,5.16,5.32,17381.5,17.382,925.4,0.925,False,False,17.3815,0.9254
2020,R.E.I.T.,238.0,2.05,4.04,-1.99,1550869.9,1550.87,-30897.9,-30.898,False,False,1550.8699,-30.8979
2020,Real Estate (Development),25.0,-1.41,2.86,-4.28,7997.7,7.998,-342.2,-0.342,False,False,7.9977,-0.3422
2020,Real Estate (General/Diversified),11.0,1.96,3.73,-1.77,2164.2,2.164,-38.3,-0.038,False,False,2.1641999999999997,-0.038299999999999994
2020,Real Estate (Operations & Services),61.0,7.97,3.94,4.03,28166.4,28.166,1134.1,1.134,False,False,28.166400000000003,1.1340999999999999
2020,Recreation,69.0,8.65,4.17,4.49,27033.3,27.033,1212.7,1.213,False,False,27.0333,1.2127000000000001
2020,Reinsurance,2.0,3.74,4.82,-1.08,22386.1,22.386,-241.4,-0.241,False,True,22.3861,-0.2414
2020,Restaurant/Dining,79.0,7.24,5.61,1.63,95236.3,95.236,1548.4,1.548,False,False,95.2363,1.5484
2020,Retail (Automotive),30.0,10.1,4.94,5.16,80742.6,80.743,4167.9,4.168,False,False,80.74260000000001,4.1678999999999995
2020,Retail (Building Supply),15.0,37.47,7.07,30.41,69279.6,69.28,21066.0,21.066,False,False,69.2796,21.066
2020,Retail (Distributors),85.0,11.67,4.0,7.68,94798.8,94.799,7278.6,7.279,False,False,94.7988,7.2786
2020,Retail (General),17.0,14.67,4.38,10.29,233154.2,233.154,23993.5,23.994,False,False,233.1542,23.9935
2020,Retail (Grocery and Food),14.0,9.63,1.4,8.23,55155.8,55.156,4540.4,4.54,False,False,55.155800000000006,4.5404
2020,Retail (Special Lines),85.0,5.29,4.93,0.36,177406.7,177.407,638.6,0.639,False,False,177.4067,0.6386000000000001
2020,Rubber& Tires,3.0,0.01,2.65,-2.64,13970.2,13.97,-368.6,-0.369,False,False,13.9702,-0.36860000000000004
2020,Semiconductor,70.0,17.39,5.22,12.17,310135.2,310.135,37750.0,37.75,False,False,310.1352,37.75
2020,Semiconductor Equip,40.0,27.89,5.59,22.3,43363.0,43.363,9672.0,9.672,False,False,43.363,9.672
2020,Shipbuilding & Marine,11.0,3.74,3.85,-0.11,9378.0,9.378,-9.9,-0.01,False,False,9.378,-0.0099
2020,Shoe,11.0,20.9,5.26,15.64,19890.0,19.89,3110.7,3.111,False,False,19.89,3.1107
2020,Software (Entertainment),101.0,14.73,5.33,9.4,407310.4,407.31,38288.1,38.288,False,False,407.3104,38.2881
2020,Software (Internet),36.0,6.66,4.26,2.4,17705.6,17.706,424.1,0.424,False,False,17.705599999999997,0.42410000000000003
2020,Software (System & Application),388.0,22.28,4.95,17.32,384604.3,384.604,66629.1,66.629,False,False,384.60429999999997,66.62910000000001
2020,Steel,32.0,5.81,3.84,1.97,46447.6,46.448,915.5,0.916,False,False,46.4476,0.9155
2020,Telecom (Wireless),16.0,10.22,2.46,7.76,85564.4,85.564,6639.7,6.64,False,False,85.56439999999999,6.6396999999999995
2020,Telecom. Equipment,96.0,21.8,4.47,17.33,81837.2,81.837,14179.6,14.18,False,False,81.8372,14.1796
2020,Telecom. Services,58.0,13.78,2.51,11.26,455624.6,455.625,51318.1,51.318,False,False,455.6246,51.3181
2020,Tobacco,15.0,45.33,3.49,41.84,47262.0,47.262,19774.4,19.774,False,False,47.262,19.7744
2020,Transportation,21.0,13.32,4.12,9.2,84890.6,84.891,7806.0,7.806,False,False,84.8906,7.806
2020,Transportation (Railroads),6.0,12.97,4.14,8.83,107858.6,107.859,9523.8,9.524,False,False,107.85860000000001,9.5238
2020,Trucking,35.0,-4.04,4.79,-8.83,103658.9,103.659,-9148.5,-9.148,False,False,103.65889999999999,-9.1485
2020,Utility (General),16.0,6.79,2.82,3.96,323084.4,323.084,12806.0,12.806,False,False,323.0844,12.806
2020,Utility (Water),17.0,6.05,3.32,2.73,23866.1,23.866,650.7,0.651,False,False,23.8661,0.6507000000000001
2021,Advertising,49.0,50.2,5.64,44.56,7331.8,7.332,3267.2,3.267,False,False,7.3318,3.2672
2021,Aerospace/Defense,73.0,14.76,5.89,8.88,179169.6,179.17,15901.7,15.902,False,False,179.1696,15.9017
2021,Air Transport,21.0,-19.81,4.83,-24.64,117175.3,117.175,-28866.8,-28.867,False,False,117.17530000000001,-28.866799999999998
2021,Apparel,39.0,20.35,5.73,14.63,37404.5,37.404,5471.2,5.471,False,False,37.4045,5.4712
2021,Auto & Truck,26.0,4.74,5.69,-0.95,401918.3,401.918,-3803.0,-3.803,False,False,401.9183,-3.803
2021,Auto Parts,38.0,14.77,6.2,8.57,39941.2,39.941,3422.0,3.422,False,False,39.941199999999995,3.422
2021,Beverage (Alcoholic),21.0,15.28,4.51,10.77,35723.6,35.724,3848.5,3.849,False,False,35.7236,3.8485
2021,Beverage (Soft),32.0,27.3,6.09,21.22,102789.0,102.789,21809.6,21.81,False,False,102.789,21.8096
2021,Broadcasting,28.0,17.22,4.75,12.47,76868.9,76.869,9588.7,9.589,False,False,76.8689,9.588700000000001
2021,Building Materials,44.0,30.44,5.87,24.57,39566.8,39.567,9720.0,9.72,False,False,39.5668,9.72
2021,Business & Consumer Services,160.0,23.26,5.48,17.78,77461.2,77.461,13772.0,13.772,False,False,77.46119999999999,13.772
2021,Cable TV,11.0,12.77,4.1,8.67,263119.7,263.12,22812.5,22.812,False,False,263.1197,22.8125
2021,Chemical (Basic),35.0,27.31,5.26,22.05,66266.4,66.266,14614.4,14.614,False,False,66.26639999999999,14.6144
2021,Chemical (Diversified),4.0,13.74,6.09,7.65,9906.2,9.906,758.3,0.758,False,False,9.9062,0.7583
2021,Chemical (Specialty),81.0,15.02,5.6,9.42,169193.6,169.194,15934.6,15.935,False,False,169.1936,15.9346
2021,Coal & Related Energy,18.0,-4.04,4.57,-8.62,4245.8,4.246,-366.0,-0.366,False,False,4.2458,-0.366
2021,Computer Services,83.0,21.41,5.75,15.66,79088.0,79.088,12384.3,12.384,False,False,79.088,12.3843
2021,Computers/Peripherals,46.0,44.93,6.66,38.27,275838.1,275.838,105562.2,105.562,False,False,275.8381,105.56219999999999
2021,Construction Supplies,48.0,12.88,5.42,7.46,118151.7,118.152,8813.5,8.813,False,False,118.15169999999999,8.8135
2021,Diversified,22.0,21.45,4.27,17.18,568773.9,568.774,97714.0,97.714,False,False,568.7739,97.714
2021,Drugs (Biotechnology),581.0,7.3,5.31,1.99,406820.0,406.82,8092.4,8.092,False,False,406.82,8.0924
2021,Drugs (Pharmaceutical),298.0,19.66,5.63,14.03,508600.4,508.6,71378.0,71.378,False,False,508.60040000000004,71.378
2021,Education,35.0,7.1,5.53,1.57,14929.5,14.93,234.4,0.234,False,False,14.9295,0.2344
2021,Electrical Equipment,104.0,22.78,6.29,16.49,39600.7,39.601,6531.0,6.531,False,False,39.600699999999996,6.531
2021,Electronics (Consumer & Office),16.0,18.32,5.43,12.89,2153.0,2.153,277.5,0.278,False,False,2.153,0.2775
2021,Electronics (General),137.0,17.59,5.72,11.88,68877.4,68.877,8180.5,8.181,False,False,68.8774,8.1805
2021,Engineering/Construction,48.0,15.99,5.24,10.74,27132.8,27.133,2915.0,2.915,False,False,27.1328,2.915
2021,Entertainment,108.0,10.06,5.38,4.68,125890.1,125.89,5891.8,5.892,False,False,125.8901,5.8918
2021,Environmental & Waste Services,58.0,25.56,6.05,19.51,26853.6,26.854,5239.5,5.239,False,False,26.8536,5.2395
2021,Farming/Agriculture,36.0,13.48,5.0,8.48,109444.6,109.445,9276.7,9.277,False,False,109.44460000000001,9.2767
2021,Food Processing,92.0,19.54,4.14,15.4,160509.7,160.51,24722.8,24.723,False,False,160.5097,24.7228
2021,Food Wholesalers,15.0,12.29,5.91,6.38,23242.1,23.242,1483.8,1.484,False,False,23.242099999999997,1.4838
2021,Furn/Home Furnishings,32.0,24.76,5.41,19.35,23212.2,23.212,4490.7,4.491,False,False,23.2122,4.4906999999999995
2021,Green & Renewable Energy,20.0,5.73,7.32,-1.59,17639.4,17.639,-280.7,-0.281,False,False,17.639400000000002,-0.2807
2021,Healthcare Products,244.0,18.64,5.26,13.38,179723.8,179.724,24054.4,24.054,False,False,179.72379999999998,24.0544
2021,Healthcare Support Services,131.0,32.05,5.33,26.72,221925.7,221.926,59295.1,59.295,False,False,221.9257,59.2951
2021,Heathcare Information and Technology,142.0,23.06,5.25,17.82,128215.0,128.215,22845.4,22.845,False,False,128.215,22.8454
2021,Homebuilding,29.0,22.92,7.51,15.41,85463.5,85.464,13169.2,13.169,False,False,85.4635,13.1692
2021,Hospitals/Healthcare Facilities,31.0,23.17,5.47,17.7,64619.7,64.62,11434.8,11.435,False,False,64.6197,11.4348
2021,Hotel/Gaming,66.0,-4.69,7.07,-11.76,221063.9,221.064,-25990.0,-25.99,False,False,221.0639,-25.99
2021,Household Products,118.0,39.78,5.32,34.46,86016.3,86.016,29638.0,29.638,False,False,86.0163,29.638
2021,Information Services,79.0,29.04,6.42,22.62,148263.4,148.263,33540.9,33.541,False,False,148.2634,33.5409
2021,Insurance (General),23.0,12.97,4.77,8.21,150389.1,150.389,12342.8,12.343,False,False,150.3891,12.342799999999999
2021,Insurance (Life),24.0,6.49,4.59,1.9,394067.4,394.067,7498.6,7.499,False,False,394.0674,7.498600000000001
2021,Insurance (Prop/Cas.),52.0,17.38,4.62,12.76,205754.5,205.754,26254.8,26.255,False,False,205.7545,26.2548
2021,Investments & Asset Management,687.0,9.72,5.16,4.57,284210.4,284.21,12974.5,12.975,False,False,284.21040000000005,12.9745
2021,Machinery,111.0,27.22,6.24,20.97,84522.5,84.523,17727.0,17.727,False,False,84.5225,17.727
2021,Metals & Mining,74.0,36.12,6.01,30.11,41029.0,41.029,12355.2,12.355,False,False,41.029,12.3552
2021,Office Equipment & Services,18.0,13.47,5.73,7.74,7030.6,7.031,544.2,0.544,False,False,7.030600000000001,0.5442
2021,Oil/Gas (Integrated),4.0,5.12,6.58,-1.46,466373.5,466.373,-6808.2,-6.808,False,False,466.3735,-6.8082
2021,Oil/Gas (Production and Exploration),183.0,-1.54,6.04,-7.58,276271.1,276.271,-20939.6,-20.94,False,False,276.2711,-20.9396
2021,Oil/Gas Distribution,21.0,6.81,5.18,1.63,171879.0,171.879,2794.5,2.794,False,False,171.879,2.7945
2021,Oilfield Svcs/Equip.,100.0,2.82,6.01,-3.19,211308.6,211.309,-6740.4,-6.74,False,False,211.3086,-6.740399999999999
2021,Packaging & Container,26.0,15.4,4.63,10.77,76731.5,76.731,8262.6,8.263,False,False,76.7315,8.2626
2021,Paper/Forest Products,11.0,44.89,5.38,39.51,5185.1,5.185,2048.4,2.048,False,False,5.1851,2.0484
2021,Power,50.0,6.06,3.7,2.36,813846.8,813.847,19184.8,19.185,False,False,813.8468,19.1848
2021,Precious Metals,76.0,14.75,5.37,9.38,28988.8,28.989,2718.0,2.718,False,False,28.988799999999998,2.718
2021,Publishing & Newspapers,21.0,15.77,6.97,8.79,13699.0,13.699,1204.4,1.204,False,False,13.699,1.2044000000000001
2021,R.E.I.T.,238.0,2.75,5.51,-2.76,1361838.2,1361.838,-37568.8,-37.569,False,False,1361.8382,-37.5688
2021,Real Estate (Development),19.0,1.29,4.5,-3.21,9233.7,9.234,-296.8,-0.297,False,False,9.2337,-0.2968
2021,Real Estate (General/Diversified),10.0,5.01,4.72,0.29,2537.3,2.537,7.4,0.007,False,False,2.5373,0.0074
2021,Real Estate (Operations & Services),51.0,-2.8,5.01,-7.81,56117.8,56.118,-4383.3,-4.383,False,False,56.1178,-4.3833
2021,Recreation,60.0,18.44,5.78,12.67,29469.9,29.47,3732.5,3.733,False,False,29.469900000000003,3.7325
2021,Reinsurance,2.0,6.69,5.92,0.77,23123.2,23.123,177.8,0.178,False,True,23.1232,0.1778
2021,Restaurant/Dining,70.0,14.72,6.93,7.79,100772.3,100.772,7852.3,7.852,False,False,100.7723,7.8523000000000005
2021,Retail (Automotive),32.0,15.47,6.09,9.38,79317.5,79.318,7438.8,7.439,False,False,79.3175,7.4388000000000005
2021,Retail (Building Supply),16.0,54.62,7.34,47.28,60571.1,60.571,28636.9,28.637,False,False,60.5711,28.6369
2021,Retail (Distributors),68.0,16.27,5.88,10.39,89627.0,89.627,9314.1,9.314,False,False,89.627,9.3141
2021,Retail (General),16.0,20.88,5.7,15.18,207031.5,207.031,31429.0,31.429,False,False,207.0315,31.429
2021,Retail (Grocery and Food),15.0,7.01,2.59,4.42,53492.7,53.493,2363.7,2.364,False,False,53.4927,2.3636999999999997
2021,Retail (Special Lines),76.0,17.28,6.34,10.94,152590.4,152.59,16694.2,16.694,False,False,152.5904,16.694200000000002
2021,Rubber& Tires,2.0,7.28,4.11,3.18,10210.8,10.211,324.3,0.324,False,True,10.210799999999999,0.32430000000000003
2021,Semiconductor,67.0,21.7,6.18,15.53,362610.4,362.61,56306.2,56.306,False,False,362.6104,56.3062
2021,Semiconductor Equip,34.0,37.24,6.95,30.29,48818.2,48.818,14787.6,14.788,False,False,48.8182,14.787600000000001
2021,Shipbuilding & Marine,8.0,15.01,4.86,10.15,8037.8,8.038,815.8,0.816,False,False,8.0378,0.8158
2021,Shoe,12.0,40.95,6.31,34.64,20983.1,20.983,7268.4,7.268,False,False,20.9831,7.2684
2021,Software (Entertainment),88.0,25.46,6.54,18.93,481975.1,481.975,91214.2,91.214,False,False,481.9751,91.21419999999999
2021,Software (Internet),36.0,1.65,5.52,-3.88,29023.0,29.023,-1125.2,-1.125,False,False,29.023,-1.1252
2021,Software (System & Application),375.0,25.03,6.15,18.88,434488.8,434.489,82042.9,82.043,False,False,434.48879999999997,82.04289999999999
2021,Steel,28.0,37.25,5.32,31.93,47489.9,47.49,15162.3,15.162,False,False,47.4899,15.1623
2021,Telecom (Wireless),17.0,5.18,4.29,0.89,168488.4,168.488,1503.9,1.504,False,False,168.48839999999998,1.5039
2021,Telecom. Equipment,82.0,26.84,5.82,21.02,73946.4,73.946,15543.5,15.543,False,False,73.9464,15.5435
2021,Telecom. Services,42.0,15.33,3.7,11.63,441790.4,441.79,51399.1,51.399,False,False,441.79040000000003,51.3991
2021,Tobacco,16.0,64.45,4.93,59.52,36640.6,36.641,21807.3,21.807,False,False,36.6406,21.807299999999998
2021,Transportation,17.0,21.05,4.39,16.66,79135.6,79.136,13186.3,13.186,False,False,79.13560000000001,13.1863
2021,Transportation (Railroads),4.0,15.31,4.15,11.15,98757.8,98.758,11015.3,11.015,False,False,98.7578,11.0153
2021,Trucking,34.0,5.76,6.51,-0.74,92089.3,92.089,-686.0,-0.686,False,False,92.08930000000001,-0.686
2021,Utility (General),16.0,5.91,3.87,2.04,332921.9,332.922,6786.3,6.786,False,False,332.92190000000005,6.7863
2021,Utility (Water),14.0,8.61,4.13,4.48,29414.3,29.414,1317.7,1.318,False,False,29.4143,1.3177
2022,Advertising,58.0,36.62,10.73,25.89,11694.9,11.695,3027.9,3.028,False,False,11.6949,3.0279000000000003
2022,Aerospace/Defense,77.0,15.25,10.59,4.65,192037.3,192.037,8939.3,8.939,False,False,192.0373,8.9393
2022,Air Transport,21.0,3.08,6.98,-3.9,119712.0,119.712,-4670.9,-4.671,False,False,119.712,-4.6709
2022,Apparel,39.0,20.57,9.15,11.41,34272.5,34.273,3911.2,3.911,False,False,34.2725,3.9112
2022,Auto & Truck,31.0,6.46,10.15,-3.69,424387.9,424.388,-15654.7,-15.655,False,False,424.3879,-15.6547
2022,Auto Parts,37.0,10.26,10.09,0.17,43845.3,43.845,74.0,0.074,False,False,43.8453,0.074
2022,Beverage (Alcoholic),23.0,14.66,8.82,5.84,34807.6,34.808,2031.5,2.032,False,False,34.8076,2.0315
2022,Beverage (Soft),31.0,28.72,10.63,18.09,97667.2,97.667,17668.0,17.668,False,False,97.6672,17.668
2022,Broadcasting,26.0,13.52,7.21,6.31,68090.0,68.09,4296.4,4.296,False,False,68.09,4.296399999999999
2022,Building Materials,45.0,34.6,9.82,24.78,47080.9,47.081,11665.0,11.665,False,False,47.0809,11.665
2022,Business & Consumer Services,164.0,23.99,9.39,14.6,79991.3,79.991,11680.2,11.68,False,False,79.99130000000001,11.680200000000001
2022,Cable TV,10.0,12.13,7.6,4.52,280386.8,280.387,12679.4,12.679,False,False,280.3868,12.6794
2022,Chemical (Basic),38.0,25.38,8.95,16.42,76172.9,76.173,12511.0,12.511,False,False,76.1729,12.511
2022,Chemical (Diversified),4.0,20.35,9.27,11.08,10120.7,10.121,1121.1,1.121,False,False,10.120700000000001,1.1211
2022,Chemical (Specialty),76.0,17.83,9.89,7.94,177924.8,177.925,14124.4,14.124,False,False,177.92479999999998,14.1244
2022,Coal & Related Energy,19.0,41.79,11.06,30.72,6428.5,6.428,1975.1,1.975,False,False,6.4285,1.9750999999999999
2022,Computer Services,80.0,28.39,9.19,19.2,69434.0,69.434,13334.2,13.334,False,False,69.434,13.334200000000001
2022,Computers/Peripherals,42.0,42.63,10.9,31.72,301920.3,301.92,95781.2,95.781,False,False,301.9203,95.7812
2022,Construction Supplies,49.0,14.55,9.71,4.84,121078.0,121.078,5859.0,5.859,False,False,121.078,5.859
2022,Diversified,23.0,2.85,9.06,-6.21,576661.9,576.662,-35836.7,-35.837,False,False,576.6619000000001,-35.8367
2022,Drugs (Biotechnology),598.0,6.49,10.35,-3.85,449207.1,449.207,-17309.7,-17.31,False,False,449.20709999999997,-17.3097
2022,Drugs (Pharmaceutical),281.0,19.58,10.57,9.01,523315.7,523.316,47154.6,47.155,False,False,523.3157,47.1546
2022,Education,33.0,6.77,8.94,-2.17,14250.2,14.25,-309.2,-0.309,False,False,14.250200000000001,-0.3092
2022,Electrical Equipment,110.0,18.4,11.68,6.72,53616.5,53.616,3602.4,3.602,False,False,53.6165,3.6024000000000003
2022,Electronics (Consumer & Office),16.0,5.46,11.76,-6.3,3266.2,3.266,-205.8,-0.206,False,False,3.2662,-0.2058
2022,Electronics (General),138.0,17.47,9.92,7.55,74745.6,74.746,5643.6,5.644,False,False,74.74560000000001,5.6436
2022,Engineering/Construction,43.0,13.83,9.34,4.49,34854.0,34.854,1566.2,1.566,False,False,34.854,1.5662
2022,Entertainment,110.0,11.23,10.47,0.76,144774.3,144.774,1101.9,1.102,False,False,144.77429999999998,1.1019
2022,Environmental & Waste Services,62.0,28.32,8.73,19.59,27327.7,27.328,5353.0,5.353,False,False,27.3277,5.353
2022,Farming/Agriculture,39.0,15.17,9.07,6.1,123591.7,123.592,7537.7,7.538,False,False,123.5917,7.5377
2022,Food Processing,92.0,18.6,8.16,10.43,164357.4,164.357,17150.6,17.151,False,False,164.35739999999998,17.150599999999997
2022,Food Wholesalers,14.0,15.54,8.52,7.01,25487.5,25.488,1787.0,1.787,False,False,25.4875,1.787
2022,Furn/Home Furnishings,32.0,15.24,8.81,6.43,26383.7,26.384,1695.8,1.696,False,False,26.3837,1.6958
2022,Green & Renewable Energy,19.0,4.68,8.93,-4.25,31657.3,31.657,-1346.4,-1.346,False,False,31.6573,-1.3464
2022,Healthcare Products,254.0,15.88,10.07,5.81,196753.6,196.754,11426.5,11.426,False,False,196.7536,11.4265
2022,Healthcare Support Services,131.0,33.79,9.5,24.28,226461.7,226.462,54992.2,54.992,False,False,226.4617,54.9922
2022,Heathcare Information and Technology,138.0,19.1,11.6,7.5,142472.2,142.472,10691.5,10.691,False,False,142.47220000000002,10.6915
2022,Homebuilding,32.0,28.17,10.68,17.49,97983.4,97.983,17138.3,17.138,False,False,97.98339999999999,17.1383
2022,Hospitals/Healthcare Facilities,34.0,20.45,7.85,12.6,67770.2,67.77,8540.0,8.54,False,False,67.7702,8.54
2022,Hotel/Gaming,69.0,2.34,9.18,-6.85,225362.1,225.362,-15427.2,-15.427,False,False,225.3621,-15.427200000000001
2022,Household Products,127.0,34.92,9.89,25.03,92180.5,92.18,23069.3,23.069,False,False,92.1805,23.0693
2022,Information Services,73.0,32.89,11.29,21.6,148288.6,148.289,32026.3,32.026,False,False,148.2886,32.0263
2022,Insurance (General),21.0,19.31,9.53,9.78,134930.8,134.931,13196.8,13.197,False,False,134.93079999999998,13.1968
2022,Insurance (Life),27.0,4.83,6.9,-2.07,388309.8,388.31,-8035.2,-8.035,False,False,388.3098,-8.0352
2022,Insurance (Prop/Cas.),51.0,7.08,7.85,-0.78,217834.9,217.835,-1689.2,-1.689,False,False,217.8349,-1.6892
2022,Investments & Asset Management,600.0,9.16,6.47,2.7,270437.0,270.437,7292.4,7.292,False,False,270.437,7.2924
2022,Machinery,116.0,27.44,9.94,17.5,83166.6,83.167,14552.6,14.553,False,False,83.1666,14.5526
2022,Metals & Mining,68.0,34.72,10.43,24.3,41919.4,41.919,10184.8,10.185,False,False,41.9194,10.1848
2022,Office Equipment & Services,16.0,12.19,8.17,4.02,8406.8,8.407,338.0,0.338,False,False,8.406799999999999,0.338
2022,Oil/Gas (Integrated),4.0,22.37,9.11,13.26,436910.2,436.91,57928.5,57.928,False,False,436.91020000000003,57.9285
2022,Oil/Gas (Production and Exploration),174.0,39.82,10.19,29.64,285676.2,285.676,84662.2,84.662,False,False,285.6762,84.6622
2022,Oil/Gas Distribution,23.0,7.18,7.42,-0.24,181401.9,181.402,-439.0,-0.439,False,False,181.40189999999998,-0.439
2022,Oilfield Svcs/Equip.,101.0,28.09,10.1,17.99,193721.0,193.721,34848.8,34.849,False,False,193.721,34.848800000000004
2022,Packaging & Container,25.0,16.04,7.25,8.79,80227.6,80.228,7055.5,7.055,False,False,80.22760000000001,7.0555
2022,Paper/Forest Products,7.0,42.83,9.66,33.17,4649.0,4.649,1542.0,1.542,False,False,4.649,1.542
2022,Power,48.0,6.04,6.17,-0.12,871388.8,871.389,-1080.7,-1.081,False,False,871.3888000000001,-1.0807
2022,Precious Metals,74.0,5.28,10.37,-5.09,32605.4,32.605,-1659.7,-1.66,False,False,32.6054,-1.6597
2022,Publishing & Newspapers,20.0,15.25,8.61,6.64,12858.7,12.859,854.2,0.854,False,False,12.8587,0.8542000000000001
2022,R.E.I.T.,223.0,3.29,7.3,-4.01,1371721.4,1371.721,-54938.4,-54.938,False,False,1371.7214,-54.9384
2022,Real Estate (Development),18.0,6.12,8.4,-2.27,9546.1,9.546,-217.1,-0.217,False,False,9.546100000000001,-0.2171
2022,Real Estate (General/Diversified),12.0,6.51,7.31,-0.79,2959.7,2.96,-23.5,-0.023,False,False,2.9596999999999998,-0.0235
2022,Real Estate (Operations & Services),60.0,1.08,7.83,-6.75,69643.9,69.644,-4702.0,-4.702,False,False,69.64389999999999,-4.702
2022,Recreation,57.0,12.25,9.5,2.75,37930.9,37.931,1043.8,1.044,False,False,37.9309,1.0438
2022,Reinsurance,1.0,5.25,7.17,-1.92,13420.9,13.421,-257.5,-0.258,False,True,13.4209,-0.2575
2022,Restaurant/Dining,70.0,18.38,10.34,8.04,93555.4,93.555,7522.7,7.523,False,False,93.55539999999999,7.5226999999999995
2022,Retail (Automotive),30.0,15.6,9.7,5.9,83881.8,83.882,4947.9,4.948,False,False,83.8818,4.9479
2022,Retail (Building Supply),15.0,50.28,12.69,37.59,67881.3,67.881,25519.5,25.519,False,False,67.8813,25.5195
2022,Retail (Distributors),69.0,21.34,9.38,11.97,95515.7,95.516,11429.1,11.429,False,False,95.5157,11.4291
2022,Retail (General),15.0,17.89,10.67,7.22,200665.3,200.665,14481.7,14.482,False,False,200.6653,14.4817
2022,Retail (Grocery and Food),13.0,12.77,6.37,6.4,49733.9,49.734,3181.8,3.182,False,False,49.7339,3.1818
2022,Retail (Special Lines),78.0,15.72,10.25,5.47,141098.3,141.098,7718.0,7.718,False,False,141.0983,7.718
2022,Rubber& Tires,3.0,9.62,5.22,4.39,12906.4,12.906,566.9,0.567,False,False,12.9064,0.5669
2022,Semiconductor,68.0,18.52,12.49,6.03,443504.0,443.504,26739.7,26.74,False,False,443.504,26.7397
2022,Semiconductor Equip,30.0,38.17,13.24,24.92,54069.2,54.069,13475.9,13.476,False,False,54.069199999999995,13.4759
2022,Shipbuilding & Marine,8.0,28.79,7.98,20.81,8242.5,8.243,1715.3,1.715,False,False,8.2425,1.7153
2022,Shoe,13.0,33.42,11.13,22.29,23646.2,23.646,5270.6,5.271,False,False,23.6462,5.2706
2022,Software (Entertainment),91.0,21.87,11.63,10.24,560794.0,560.794,57423.0,57.423,False,False,560.794,57.423
2022,Software (Internet),33.0,-1.03,11.79,-12.82,40832.0,40.832,-5233.3,-5.233,False,False,40.832,-5.2333
2022,Software (System & Application),390.0,22.47,11.91,10.56,508660.8,508.661,53727.2,53.727,False,False,508.6608,53.727199999999996
2022,Steel,28.0,48.63,10.14,38.5,60578.0,60.578,23320.0,23.32,False,False,60.578,23.32
2022,Telecom (Wireless),16.0,6.15,7.8,-1.65,175092.2,175.092,-2880.7,-2.881,False,False,175.09220000000002,-2.8807
2022,Telecom. Equipment,79.0,25.99,10.46,15.52,74667.2,74.667,11590.0,11.59,False,False,74.6672,11.59
2022,Telecom. Services,49.0,12.38,6.57,5.8,489564.5,489.564,28409.8,28.41,False,False,489.5645,28.4098
2022,Tobacco,15.0,70.88,13.51,57.37,32491.9,32.492,18642.0,18.642,False,False,32.4919,18.642
2022,Transportation,18.0,24.2,8.79,15.41,86114.4,86.114,13266.6,13.267,False,False,86.11439999999999,13.2666
2022,Transportation (Railroads),4.0,16.94,8.97,7.97,101261.1,101.261,8066.7,8.067,False,False,101.2611,8.066699999999999
2022,Trucking,35.0,13.53,10.33,3.2,95444.8,95.445,3051.4,3.051,False,False,95.4448,3.0514
2022,Utility (General),15.0,5.82,5.9,-0.08,347022.0,347.022,-291.5,-0.292,False,False,347.022,-0.2915
2022,Utility (Water),16.0,9.13,8.73,0.4,32002.0,32.002,128.4,0.128,False,False,32.002,0.12840000000000001
2023,Advertising,57.0,31.52,8.63,22.88,12877.4,12.877,2946.6,2.947,False,False,12.8774,2.9466
2023,Aerospace/Defense,70.0,16.17,7.81,8.35,195266.2,195.266,16313.2,16.313,False,False,195.2662,16.313200000000002
2023,Air Transport,25.0,10.92,6.06,4.86,128863.3,128.863,6264.1,6.264,False,False,128.8633,6.2641
2023,Apparel,38.0,15.29,7.55,7.74,40386.8,40.387,3126.3,3.126,False,False,40.3868,3.1263
2023,Auto & Truck,34.0,5.19,9.26,-4.07,444826.2,444.826,-18105.0,-18.105,False,False,444.82620000000003,-18.105
2023,Auto Parts,39.0,10.16,8.33,1.83,47964.9,47.965,876.4,0.876,False,False,47.9649,0.8764
2023,Beverage (Alcoholic),19.0,16.67,8.05,8.62,32663.7,32.664,2815.8,2.816,False,False,32.6637,2.8158000000000003
2023,Beverage (Soft),29.0,30.65,6.87,23.78,100594.2,100.594,23921.2,23.921,False,False,100.5942,23.921200000000002
2023,Broadcasting,22.0,12.06,5.6,6.46,65469.7,65.47,4229.5,4.23,False,False,65.4697,4.2295
2023,Building Materials,44.0,25.27,9.0,16.27,56707.6,56.708,9224.3,9.224,False,False,56.7076,9.2243
2023,Business & Consumer Services,162.0,27.45,7.86,19.6,91970.4,91.97,18022.4,18.022,False,False,91.9704,18.0224
2023,Cable TV,10.0,11.31,6.76,4.55,285340.3,285.34,12992.9,12.993,False,False,285.3403,12.992899999999999
2023,Chemical (Basic),32.0,11.81,7.32,4.49,79890.4,79.89,3585.4,3.585,False,False,79.8904,3.5854
2023,Chemical (Diversified),4.0,1.57,6.93,-5.36,10217.1,10.217,-547.2,-0.547,False,False,10.2171,-0.5472
2023,Chemical (Specialty),68.0,13.51,7.81,5.7,189718.8,189.719,10804.7,10.805,False,False,189.7188,10.8047
2023,Coal & Related Energy,18.0,29.5,8.67,20.82,7051.9,7.052,1468.4,1.468,False,False,7.0519,1.4684000000000001
2023,Computer Services,72.0,24.17,7.42,16.75,82057.6,82.058,13744.5,13.745,False,False,82.05760000000001,13.7445
2023,Computers/Peripherals,36.0,37.8,8.79,29.01,312766.0,312.766,90732.7,90.733,False,False,312.766,90.7327
2023,Construction Supplies,45.0,20.16,8.03,12.13,134689.6,134.69,16339.8,16.34,False,False,134.6896,16.3398
2023,Diversified,23.0,20.4,8.51,11.88,566420.6,566.421,67295.1,67.295,False,False,566.4205999999999,67.2951
2023,Drugs (Biotechnology),572.0,1.56,8.34,-6.78,464730.8,464.731,-31525.0,-31.525,False,False,464.7308,-31.525
2023,Drugs (Pharmaceutical),245.0,13.38,8.05,5.33,569992.0,569.992,30378.7,30.379,False,False,569.992,30.378700000000002
2023,Education,31.0,5.93,8.58,-2.65,15272.0,15.272,-405.3,-0.405,False,False,15.272,-0.4053
2023,Electrical Equipment,103.0,13.27,8.61,4.66,63964.3,63.964,2980.3,2.98,False,False,63.9643,2.9803
2023,Electronics (Consumer & Office),13.0,0.95,8.9,-7.95,3862.7,3.863,-307.1,-0.307,False,False,3.8627,-0.30710000000000004
2023,Electronics (General),129.0,15.11,7.54,7.58,81592.2,81.592,6183.3,6.183,False,False,81.59219999999999,6.1833
2023,Engineering/Construction,43.0,12.58,7.37,5.22,43830.2,43.83,2286.4,2.286,False,False,43.8302,2.2864
2023,Entertainment,98.0,7.56,7.46,0.09,216181.1,216.181,204.1,0.204,False,False,216.18110000000001,0.2041
2023,Environmental & Waste Services,57.0,29.94,7.29,22.65,31694.3,31.694,7179.7,7.18,False,False,31.6943,7.1796999999999995
2023,Farming/Agriculture,42.0,17.93,7.06,10.87,142202.8,142.203,15456.6,15.457,False,False,142.2028,15.4566
2023,Food Processing,82.0,17.23,5.95,11.29,167062.5,167.062,18853.7,18.854,False,False,167.0625,18.8537
2023,Food Wholesalers,14.0,14.96,6.93,8.03,28413.0,28.413,2281.8,2.282,False,False,28.413,2.2818
2023,Furn/Home Furnishings,31.0,10.31,7.31,3.0,30825.9,30.826,926.1,0.926,False,False,30.8259,0.9261
2023,Green & Renewable Energy,17.0,4.15,6.07,-1.92,36494.0,36.494,-699.7,-0.7,False,False,36.494,-0.6997000000000001
2023,Healthcare Products,230.0,13.08,8.23,4.85,223053.4,223.053,10817.3,10.817,False,False,223.05339999999998,10.8173
2023,Healthcare Support Services,119.0,45.74,7.61,38.13,173150.6,173.151,66023.6,66.024,False,False,173.1506,66.0236
2023,Heathcare Information and Technology,128.0,14.28,8.95,5.33,149060.6,149.061,7945.8,7.946,False,False,149.0606,7.9458
2023,Homebuilding,32.0,20.91,9.28,11.62,110375.1,110.375,12830.2,12.83,False,False,110.3751,12.830200000000001
2023,Hospitals/Healthcare Facilities,32.0,20.16,6.1,14.05,74021.8,74.022,10403.6,10.404,False,False,74.0218,10.4036
2023,Hotel/Gaming,68.0,9.99,8.02,1.97,240249.3,240.249,4741.2,4.741,False,False,240.24929999999998,4.7412
2023,Household Products,93.0,31.17,7.23,23.94,108061.5,108.062,25873.6,25.874,False,False,108.0615,25.8736
2023,Information Services,18.0,22.74,7.02,15.72,16448.8,16.449,2586.1,2.586,False,False,16.4488,2.5861
2023,Insurance (General),21.0,15.65,7.64,8.01,89243.7,89.244,7151.4,7.151,False,False,89.2437,7.1514
2023,Insurance (Life),23.0,0.11,5.68,-5.57,230837.2,230.837,-12863.4,-12.863,False,False,230.83720000000002,-12.8634
2023,Insurance (Prop/Cas.),50.0,11.12,6.72,4.4,188262.1,188.262,8288.8,8.289,False,False,188.2621,8.288799999999998
2023,Investments & Asset Management,334.0,6.16,5.23,0.93,288325.1,288.325,2682.0,2.682,False,False,288.32509999999996,2.682
2023,Machinery,103.0,24.91,7.91,17.0,99932.0,99.932,16988.6,16.989,False,False,99.932,16.988599999999998
2023,Metals & Mining,68.0,24.03,7.72,16.31,43185.8,43.186,7041.8,7.042,False,False,43.1858,7.0418
2023,Office Equipment & Services,17.0,12.93,7.29,5.63,8956.6,8.957,504.6,0.505,False,False,8.9566,0.5046
2023,Oil/Gas (Integrated),4.0,17.04,6.61,10.42,425338.6,425.339,44341.3,44.341,False,False,425.3386,44.341300000000004
2023,Oil/Gas (Production and Exploration),166.0,28.41,7.34,21.07,326418.7,326.419,68771.2,68.771,False,False,326.4187,68.7712
2023,Oil/Gas Distribution,24.0,20.6,5.99,14.61,173972.0,173.972,25421.4,25.421,False,False,173.972,25.421400000000002
2023,Oilfield Svcs/Equip.,100.0,28.02,7.27,20.75,211366.4,211.366,43853.2,43.853,False,False,211.3664,43.853199999999994
2023,Packaging & Container,22.0,14.21,7.09,7.13,84525.3,84.525,6024.6,6.025,False,False,84.5253,6.0246
2023,Paper/Forest Products,7.0,18.9,10.35,8.55,4607.9,4.608,393.9,0.394,False,False,4.6079,0.3939
2023,Power,50.0,5.78,5.19,0.59,937367.8,937.368,5570.2,5.57,False,False,937.3678000000001,5.5702
2023,Precious Metals,61.0,4.69,7.37,-2.67,39758.8,39.759,-1063.3,-1.063,False,False,39.7588,-1.0633
2023,Publishing & Newspapers,21.0,13.86,7.2,6.66,13309.2,13.309,886.8,0.887,False,False,13.3092,0.8867999999999999
2023,R.E.I.T.,193.0,2.98,6.31,-3.33,1324719.2,1324.719,-44082.3,-44.082,False,False,1324.7192,-44.082300000000004
2023,Real Estate (Development),17.0,2.93,5.43,-2.5,10173.3,10.173,-254.7,-0.255,False,False,10.1733,-0.2547
2023,Real Estate (General/Diversified),11.0,5.31,5.83,-0.52,3254.9,3.255,-16.8,-0.017,False,False,3.2549,-0.016800000000000002
2023,Real Estate (Operations & Services),60.0,0.07,7.3,-7.23,65689.2,65.689,-4749.0,-4.749,False,False,65.6892,-4.749
2023,Recreation,55.0,9.54,7.25,2.28,48130.4,48.13,1099.0,1.099,False,False,48.1304,1.099
2023,Reinsurance,1.0,30.12,5.84,24.27,4433.3,4.433,1076.1,1.076,False,True,4.4333,1.0760999999999998
2023,Restaurant/Dining,64.0,19.56,8.24,11.32,101216.7,101.217,11458.1,11.458,False,False,101.2167,11.4581
2023,Retail (Automotive),30.0,13.2,8.22,4.98,98664.7,98.665,4908.6,4.909,False,False,98.6647,4.908600000000001
2023,Retail (Building Supply),16.0,39.43,11.3,28.12,77349.6,77.35,21752.7,21.753,False,False,77.34960000000001,21.7527
2023,Retail (Distributors),62.0,18.61,7.71,10.9,106942.7,106.943,11655.4,11.655,False,False,106.9427,11.6554
2023,Retail (General),26.0,9.89,8.93,0.96,728871.7,728.872,7032.1,7.032,False,False,728.8716999999999,7.032100000000001
2023,Retail (Grocery and Food),14.0,10.99,5.31,5.68,56522.0,56.522,3208.1,3.208,False,False,56.522,3.2081
2023,Retail (REITs),28.0,4.46,6.94,-2.48,180918.7,180.919,-4489.8,-4.49,False,False,180.9187,-4.4898
2023,Retail (Special Lines),105.0,13.5,7.85,5.65,154307.4,154.307,8711.2,8.711,False,False,154.3074,8.711200000000002
2023,Rubber& Tires,3.0,3.12,4.76,-1.64,14054.5,14.054,-229.8,-0.23,False,False,14.0545,-0.2298
2023,Semiconductor,63.0,11.37,10.36,1.01,513006.6,513.007,5161.4,5.161,False,False,513.0065999999999,5.1613999999999995
2023,Semiconductor Equip,30.0,25.68,10.4,15.29,70041.4,70.041,10707.2,10.707,False,False,70.0414,10.7072
2023,Shipbuilding & Marine,8.0,9.24,6.74,2.5,9001.7,9.002,224.7,0.225,False,False,9.001700000000001,0.22469999999999998
2023,Shoe,13.0,24.04,9.34,14.7,32574.9,32.575,4789.5,4.79,False,False,32.5749,4.7895
2023,Software (Entertainment),84.0,19.94,8.83,11.12,620525.1,620.525,68991.6,68.992,False,False,620.5251,68.9916
2023,Software (Internet),35.0,-0.48,10.59,-11.07,45334.0,45.334,-5019.9,-5.02,False,False,45.334,-5.0199
2023,Software (System & Application),351.0,23.22,9.49,13.73,551977.7,551.978,75797.6,75.798,False,False,551.9776999999999,75.7976
2023,Steel,29.0,22.18,8.18,14.0,71465.4,71.465,10005.7,10.006,False,False,71.46539999999999,10.005700000000001
2023,Telecom (Wireless),13.0,6.55,6.98,-0.43,182664.7,182.665,-787.3,-0.787,False,False,182.6647,-0.7873
2023,Telecom. Equipment,66.0,28.18,8.33,19.85,79288.0,79.288,15736.9,15.737,False,False,79.288,15.7369
2023,Telecom. Services,42.0,11.8,5.56,6.24,473948.4,473.948,29562.0,29.562,False,False,473.94840000000005,29.562
2023,Tobacco,16.0,80.36,8.03,72.33,28188.7,28.189,20387.9,20.388,False,False,28.1887,20.387900000000002
2023,Transportation,36.0,15.48,8.25,7.23,140915.7,140.916,10188.1,10.188,False,False,140.91570000000002,10.1881
2023,Transportation (Railroads),4.0,14.26,7.46,6.8,104364.5,104.364,7094.6,7.095,False,False,104.3645,7.094600000000001
2023,Trucking,22.0,12.75,8.27,4.48,49031.4,49.031,2194.5,2.194,False,False,49.031400000000005,2.1945
2023,Utility (General),14.0,6.47,5.09,1.38,349037.0,349.037,4812.9,4.813,False,False,349.037,4.8129
2023,Utility (Water),13.0,8.41,6.03,2.37,35556.6,35.557,843.4,0.843,False,False,35.556599999999996,0.8433999999999999
2024,Advertising,54.0,34.91,9.22,25.7,12903.8,12.904,3315.9,3.316,False,False,12.903799999999999,3.3159
2024,Aerospace/Defense,67.0,14.03,7.68,6.35,247477.0,247.477,15706.2,15.706,False,False,247.477,15.7062
2024,Air Transport,24.0,8.48,7.29,1.19,137546.6,137.547,1638.5,1.639,False,False,137.5466,1.6385
2024,Apparel,37.0,15.26,7.44,7.81,39313.8,39.314,3071.7,3.072,False,False,39.3138,3.0717
2024,Auto & Truck,34.0,3.15,10.34,-7.18,500140.7,500.141,-35923.1,-35.923,False,False,500.14070000000004,-35.9231
2024,Auto Parts,33.0,8.66,8.09,0.57,50325.3,50.325,287.2,0.287,False,False,50.325300000000006,0.2872
2024,Beverage (Alcoholic),18.0,17.86,6.55,11.32,33875.9,33.876,3833.1,3.833,False,False,33.8759,3.8331
2024,Beverage (Soft),29.0,30.61,6.59,24.02,107636.7,107.637,25850.8,25.851,False,False,107.63669999999999,25.8508
2024,Broadcasting,22.0,12.68,6.03,6.65,61200.1,61.2,4070.8,4.071,False,False,61.2001,4.0708
2024,Building Materials,39.0,26.84,9.46,17.38,51691.0,51.691,8982.0,8.982,False,False,51.691,8.982
2024,Business & Consumer Services,152.0,26.83,8.27,18.57,105634.6,105.635,19611.4,19.611,False,False,105.6346,19.6114
2024,Cable TV,9.0,13.75,6.28,7.47,254155.4,254.155,18989.5,18.99,False,False,254.1554,18.9895
2024,Chemical (Basic),31.0,8.71,7.63,1.08,80526.5,80.526,870.9,0.871,False,False,80.5265,0.8709
2024,Chemical (Diversified),4.0,5.35,6.47,-1.12,10037.5,10.037,-112.0,-0.112,False,False,10.0375,-0.112
2024,Chemical (Specialty),60.0,11.31,7.67,3.64,200313.8,200.314,7296.0,7.296,False,False,200.3138,7.296
2024,Coal & Related Energy,16.0,13.14,9.23,3.9,6336.3,6.336,247.2,0.247,False,False,6.3363000000000005,0.24719999999999998
2024,Computer Services,63.0,20.51,8.72,11.79,92567.2,92.567,10914.5,10.914,False,False,92.5672,10.9145
2024,Computers/Peripherals,35.0,41.41,9.29,32.12,314289.0,314.289,100953.9,100.954,False,False,314.289,100.95389999999999
2024,Construction Supplies,46.0,18.41,9.14,9.27,151687.1,151.687,14057.4,14.057,False,False,151.68710000000002,14.0574
2024,Diversified,21.0,24.65,8.61,16.04,586556.7,586.557,94094.4,94.094,False,False,586.5567,94.0944
2024,Drugs (Biotechnology),535.0,3.08,9.37,-6.29,487368.4,487.368,-30652.6,-30.653,False,False,487.3684,-30.6526
2024,Drugs (Pharmaceutical),231.0,14.08,8.72,5.36,640693.9,640.694,34357.3,34.357,False,False,640.6939,34.3573
2024,Education,29.0,11.86,8.1,3.75,14665.7,14.666,550.2,0.55,False,False,14.665700000000001,0.5502
2024,Electrical Equipment,101.0,12.23,9.4,2.83,74509.2,74.509,2108.4,2.108,False,False,74.50919999999999,2.1084
2024,Electronics (Consumer & Office),11.0,-5.81,8.12,-13.93,2746.2,2.746,-382.6,-0.383,False,False,2.7462,-0.3826
2024,Electronics (General),122.0,13.11,8.55,4.56,91700.0,91.7,4180.3,4.18,False,False,91.7,4.1803
2024,Engineering/Construction,42.0,19.16,8.17,10.99,38377.2,38.377,4216.8,4.217,False,False,38.377199999999995,4.2168
2024,Entertainment,96.0,9.94,8.28,1.66,204455.3,204.455,3388.4,3.388,False,False,204.4553,3.3884000000000003
2024,Environmental & Waste Services,50.0,31.72,7.88,23.84,32756.0,32.756,7809.8,7.81,False,False,32.756,7.8098
2024,Farming/Agriculture,35.0,9.97,7.43,2.53,157101.4,157.101,3978.9,3.979,False,False,157.10139999999998,3.9789
2024,Food Processing,77.0,17.9,6.02,11.88,173517.1,173.517,20617.8,20.618,False,False,173.5171,20.6178
2024,Food Wholesalers,14.0,17.3,6.64,10.66,29681.2,29.681,3165.4,3.165,False,False,29.6812,3.1654
2024,Furn/Home Furnishings,28.0,10.65,7.15,3.5,31285.9,31.286,1096.2,1.096,False,False,31.2859,1.0962
2024,Green & Renewable Energy,18.0,3.67,6.5,-2.83,44083.6,44.084,-1247.2,-1.247,False,False,44.0836,-1.2472
2024,Healthcare Products,218.0,14.71,8.5,6.21,242820.4,242.82,15079.0,15.079,False,False,242.8204,15.079
2024,Healthcare Support Services,113.0,44.6,7.6,37.0,171655.8,171.656,63512.4,63.512,False,False,171.6558,63.5124
2024,Heathcare Information and Technology,116.0,12.74,9.1,3.64,153226.5,153.226,5577.3,5.577,False,False,153.2265,5.5773
2024,Homebuilding,30.0,21.05,9.78,11.27,105872.3,105.872,11931.6,11.932,False,False,105.87230000000001,11.9316
2024,Hospitals/Healthcare Facilities,33.0,21.19,6.57,14.62,82219.1,82.219,12021.8,12.022,False,False,82.21910000000001,12.021799999999999
2024,Hotel/Gaming,65.0,12.17,8.12,4.06,237095.5,237.096,9618.8,9.619,False,False,237.0955,9.618799999999998
2024,Household Products,101.0,33.56,7.91,25.65,110250.6,110.251,28274.6,28.275,False,False,110.2506,28.2746
2024,Information Services,16.0,24.55,7.62,16.93,16592.7,16.593,2809.6,2.81,False,False,16.5927,2.8096
2024,Insurance (General),22.0,17.45,7.35,10.1,82650.4,82.65,8345.6,8.346,False,False,82.65039999999999,8.345600000000001
2024,Insurance (Life),19.0,6.96,6.36,0.6,246026.4,246.026,1486.8,1.487,False,False,246.0264,1.4868
2024,Insurance (Prop/Cas.),53.0,21.99,6.79,15.19,196378.8,196.379,29835.1,29.835,False,False,196.37879999999998,29.835099999999997
2024,Investments & Asset Management,231.0,6.8,6.2,0.6,333564.1,333.564,1998.2,1.998,False,False,333.5641,1.9982
2024,Machinery,109.0,24.76,8.54,16.22,109532.4,109.532,17763.8,17.764,False,False,109.5324,17.7638
2024,Metals & Mining,64.0,27.13,8.4,18.73,46265.8,46.266,8664.8,8.665,False,False,46.265800000000006,8.6648
2024,Office Equipment & Services,14.0,15.0,8.05,6.95,8870.9,8.871,616.8,0.617,False,False,8.870899999999999,0.6167999999999999
2024,Oil/Gas (Integrated),4.0,12.9,6.33,6.57,447511.5,447.512,29421.5,29.421,False,False,447.5115,29.4215
2024,Oil/Gas (Production and Exploration),147.0,18.62,7.52,11.1,328095.9,328.096,36408.0,36.408,False,False,328.09590000000003,36.408
2024,Oil/Gas Distribution,24.0,12.18,6.59,5.59,192870.3,192.87,10775.2,10.775,False,False,192.8703,10.7752
2024,Oilfield Svcs/Equip.,97.0,14.37,7.44,6.92,237010.0,237.01,16411.7,16.412,False,False,237.01,16.4117
2024,Packaging & Container,22.0,14.49,7.2,7.29,72853.1,72.853,5312.0,5.312,False,False,72.85310000000001,5.312
2024,Paper/Forest Products,6.0,19.42,8.32,11.1,4498.1,4.498,499.2,0.499,False,False,4.4981,0.4992
2024,Power,48.0,6.56,5.54,1.03,995066.7,995.067,10206.5,10.207,False,False,995.0667,10.2065
2024,Precious Metals,60.0,12.93,9.09,3.84,38243.8,38.244,1467.6,1.468,False,False,38.2438,1.4676
2024,Publishing & Newspapers,19.0,15.53,6.63,8.9,12527.7,12.528,1115.2,1.115,False,False,12.527700000000001,1.1152
2024,R.E.I.T.,192.0,3.09,6.62,-3.52,1375396.4,1375.396,-48471.8,-48.472,False,False,1375.3963999999999,-48.4718
2024,Real Estate (Development),15.0,3.73,6.58,-2.85,10467.2,10.467,-298.0,-0.298,False,False,10.4672,-0.298
2024,Real Estate (General/Diversified),11.0,3.97,6.99,-3.02,3197.8,3.198,-96.4,-0.096,False,False,3.1978,-0.0964
2024,Real Estate (Operations & Services),60.0,2.88,8.14,-5.26,44527.9,44.528,-2344.0,-2.344,False,False,44.5279,-2.344
2024,Recreation,50.0,7.95,7.97,-0.02,48831.4,48.831,-9.7,-0.01,False,False,48.8314,-0.009699999999999999
2024,Reinsurance,1.0,9.89,6.08,3.81,9772.4,9.772,372.6,0.373,False,True,9.7724,0.37260000000000004
2024,Restaurant/Dining,62.0,20.39,8.05,12.35,104989.1,104.989,12964.0,12.964,False,False,104.98910000000001,12.964
2024,Retail (Automotive),29.0,12.12,8.39,3.72,109384.4,109.384,4070.8,4.071,False,False,109.3844,4.0708
2024,Retail (Building Supply),13.0,36.28,11.0,25.29,77367.8,77.368,19564.0,19.564,False,False,77.3678,19.564
2024,Retail (Distributors),66.0,17.54,8.16,9.37,127775.1,127.775,11978.8,11.979,False,False,127.77510000000001,11.9788
2024,Retail (General),24.0,11.98,8.79,3.19,785725.2,785.725,25100.4,25.1,False,False,785.7252,25.1004
2024,Retail (Grocery and Food),17.0,9.25,5.96,3.28,61226.4,61.226,2010.6,2.011,False,False,61.2264,2.0105999999999997
2024,Retail (REITs),28.0,5.0,6.96,-1.96,187440.7,187.441,-3672.1,-3.672,False,False,187.44070000000002,-3.6721
2024,Retail (Special Lines),98.0,17.68,8.64,9.04,127905.9,127.906,11566.4,11.566,False,False,127.90589999999999,11.5664
2024,Rubber& Tires,3.0,5.76,5.33,0.42,14099.4,14.099,59.4,0.059,False,False,14.0994,0.0594
2024,Semiconductor,63.0,21.14,10.76,10.38,555645.0,555.645,57682.3,57.682,False,False,555.645,57.682300000000005
2024,Semiconductor Equip,30.0,24.2,10.51,13.69,74037.6,74.038,10137.2,10.137,False,False,74.03760000000001,10.1372
2024,Shipbuilding & Marine,8.0,13.23,6.64,6.59,8074.4,8.074,532.0,0.532,False,False,8.074399999999999,0.532
2024,Shoe,12.0,29.12,10.15,18.97,28308.1,28.308,5370.0,5.37,False,False,28.3081,5.37
2024,Software (Entertainment),81.0,25.29,9.58,15.71,665574.6,665.575,104573.8,104.574,False,False,665.5746,104.5738
2024,Software (Internet),29.0,2.93,11.1,-8.17,42848.0,42.848,-3501.5,-3.502,False,False,42.848,-3.5015
2024,Software (System & Application),333.0,26.85,9.69,17.16,604004.4,604.004,103649.1,103.649,False,False,604.0044,103.6491
2024,Steel,27.0,12.49,8.17,4.32,76080.0,76.08,3286.8,3.287,False,False,76.08,3.2868000000000004
2024,Telecom (Wireless),11.0,8.31,6.92,1.39,178759.2,178.759,2477.4,2.477,False,False,178.75920000000002,2.4774000000000003
2024,Telecom. Equipment,61.0,21.77,8.39,13.38,86296.9,86.297,11547.7,11.548,False,False,86.2969,11.5477
2024,Telecom. Services,32.0,11.69,6.37,5.31,478356.6,478.357,25409.3,25.409,False,False,478.35659999999996,25.409299999999998
2024,Tobacco,12.0,57.9,7.95,49.95,39367.2,39.367,19665.3,19.665,False,False,39.3672,19.6653
2024,Transportation,21.0,10.9,7.72,3.18,162630.5,162.63,5168.6,5.169,False,False,162.6305,5.1686000000000005
2024,Transportation (Railroads),4.0,15.06,7.75,7.31,108342.3,108.342,7917.0,7.917,False,False,108.34230000000001,7.917
2024,Trucking,24.0,9.3,8.39,0.91,54433.2,54.433,494.3,0.494,False,False,54.4332,0.4943
2024,Utility (General),14.0,6.05,5.2,0.85,368877.9,368.878,3153.8,3.154,False,False,368.8779,3.1538000000000004
2024,Utility (Water),15.0,8.73,6.15,2.58,39225.5,39.225,1012.3,1.012,False,False,39.2255,1.0123
2025,Advertising,52.0,27.72,7.81,19.92,12888.0,12.888,2566.8,2.567,False,False,12.888,2.5668
2025,Aerospace/Defense,79.0,16.01,7.6,8.41,242575.9,242.576,20402.7,20.403,False,False,242.5759,20.4027
2025,Air Transport,23.0,7.93,6.72,1.2,138929.4,138.929,1673.8,1.674,False,False,138.9294,1.6738
2025,Apparel,35.0,15.77,7.13,8.63,35779.4,35.779,3089.5,3.09,False,False,35.7794,3.0895
2025,Auto & Truck,33.0,2.25,9.38,-7.13,539547.8,539.548,-38484.2,-38.484,False,False,539.5478,-38.484199999999994
2025,Auto Parts,35.0,8.98,8.18,0.8,49908.4,49.908,398.1,0.398,False,False,49.9084,0.3981
2025,Beverage (Alcoholic),14.0,15.74,6.48,9.26,34766.3,34.766,3219.8,3.22,False,False,34.7663,3.2198
2025,Beverage (Soft),27.0,29.03,6.33,22.7,120456.6,120.457,27343.6,27.344,False,False,120.45660000000001,27.3436
2025,Broadcasting,24.0,14.57,5.09,9.48,55872.6,55.873,5296.2,5.296,False,False,55.8726,5.2962
2025,Building Materials,41.0,20.16,7.85,12.31,65306.7,65.307,8039.3,8.039,False,False,65.30669999999999,8.0393
2025,Business & Consumer Services,155.0,28.3,7.23,21.06,105710.3,105.71,22267.0,22.267,False,False,105.7103,22.267
2025,Cable TV,9.0,12.06,5.2,6.86,297385.4,297.385,20410.4,20.41,False,False,297.3854,20.410400000000003
2025,Chemical (Basic),29.0,3.72,6.22,-2.5,80892.3,80.892,-2021.7,-2.022,False,False,80.8923,-2.0217
2025,Chemical (Diversified),4.0,4.05,5.23,-1.17,10342.8,10.343,-121.5,-0.121,False,False,10.342799999999999,-0.1215
2025,Chemical (Specialty),59.0,10.95,7.25,3.7,204516.6,204.517,7574.8,7.575,False,False,204.5166,7.5748
2025,Coal & Related Energy,16.0,-4.76,8.41,-13.17,6770.2,6.77,-891.6,-0.892,False,False,6.7702,-0.8916000000000001
2025,Computer Services,64.0,26.35,7.83,18.52,90905.8,90.906,16832.6,16.833,False,False,90.9058,16.8326
2025,Computers/Peripherals,36.0,44.76,9.71,35.05,325075.4,325.075,113949.6,113.95,False,False,325.0754,113.9496
2025,Construction Supplies,40.0,16.71,8.29,8.42,152904.0,152.904,12869.2,12.869,False,False,152.904,12.869200000000001
2025,Diversified,20.0,14.82,7.3,7.53,684745.1,684.745,51528.7,51.529,False,False,684.7451,51.5287
2025,Drugs (Biotechnology),496.0,3.53,8.49,-4.97,550050.0,550.05,-27331.8,-27.332,False,False,550.05,-27.331799999999998
2025,Drugs (Pharmaceutical),228.0,16.95,7.85,9.1,604422.4,604.422,55007.3,55.007,False,False,604.4224,55.0073
2025,Education,32.0,15.94,6.75,9.19,20364.7,20.365,1871.6,1.872,False,False,20.3647,1.8716
2025,Electrical Equipment,112.0,15.6,8.99,6.6,81731.7,81.732,5396.8,5.397,False,False,81.7317,5.3968
2025,Electronics (Consumer & Office),8.0,-8.35,7.63,-15.98,1901.9,1.902,-303.9,-0.304,False,False,1.9019000000000001,-0.3039
2025,Electronics (General),114.0,17.91,7.85,10.06,93700.2,93.7,9423.3,9.423,False,False,93.7002,9.4233
2025,Engineering/Construction,48.0,25.32,8.69,16.63,38499.3,38.499,6403.2,6.403,False,False,38.499300000000005,6.4032
2025,Entertainment,92.0,12.42,7.13,5.29,213734.9,213.735,11313.1,11.313,False,False,213.73489999999998,11.3131
2025,Environmental & Waste Services,53.0,31.75,7.43,24.33,35262.8,35.263,8579.2,8.579,False,False,35.262800000000006,8.5792
2025,Farming/Agriculture,35.0,7.28,7.27,0.01,160518.4,160.518,8.2,0.008,False,False,160.51839999999999,0.008199999999999999
2025,Food Processing,78.0,15.95,5.79,10.16,174015.7,174.016,17680.6,17.681,False,False,174.0157,17.6806
2025,Food Wholesalers,13.0,17.84,6.53,11.3,30089.5,30.09,3401.6,3.402,False,False,30.0895,3.4015999999999997
2025,Furn/Home Furnishings,27.0,10.59,6.53,4.05,30524.3,30.524,1237.0,1.237,False,False,30.5243,1.237
2025,Green & Renewable Energy,15.0,3.64,6.04,-2.41,32517.2,32.517,-782.1,-0.782,False,False,32.5172,-0.7821
2025,Healthcare Products,204.0,16.98,7.54,9.44,253637.9,253.638,23932.9,23.933,False,False,253.6379,23.9329
2025,Healthcare Support Services,104.0,31.19,6.83,24.37,235104.6,235.105,57286.8,57.287,False,False,235.1046,57.2868
2025,Heathcare Information and Technology,115.0,13.72,8.22,5.49,155090.9,155.091,8519.8,8.52,False,False,155.0909,8.5198
2025,Homebuilding,30.0,14.91,7.27,7.64,119034.9,119.035,9091.2,9.091,False,False,119.0349,9.0912
2025,Hospitals/Healthcare Facilities,31.0,22.16,6.19,15.98,86479.4,86.479,13816.7,13.817,False,False,86.4794,13.8167
2025,Hotel/Gaming,63.0,14.58,7.36,7.22,245999.6,246.0,17760.6,17.761,False,False,245.99960000000002,17.7606
2025,Household Products,110.0,34.42,7.03,27.39,109028.2,109.028,29861.2,29.861,False,False,109.0282,29.8612
2025,Information Services,15.0,22.17,7.0,15.18,18653.9,18.654,2831.4,2.831,False,False,18.6539,2.8314
2025,Insurance (General),21.0,44.51,6.34,38.17,23964.0,23.964,9146.3,9.146,False,False,23.964,9.1463
2025,Insurance (Life),20.0,10.77,5.6,5.16,202381.1,202.381,10450.2,10.45,False,False,202.3811,10.4502
2025,Insurance (Prop/Cas.),57.0,18.49,5.78,12.71,295495.8,295.496,37559.3,37.559,False,False,295.4958,37.5593
2025,Investments & Asset Management,283.0,14.25,6.13,8.12,343934.2,343.934,27937.9,27.938,False,False,343.93420000000003,27.937900000000003
2025,Machinery,105.0,24.41,7.7,16.71,112585.9,112.586,18811.7,18.812,False,False,112.5859,18.811700000000002
2025,Metals & Mining,73.0,27.04,8.2,18.85,52216.9,52.217,9840.9,9.841,False,False,52.2169,9.8409
2025,Office Equipment & Services,14.0,18.26,7.92,10.34,7037.8,7.038,727.7,0.728,False,False,7.0378,0.7277
2025,Oil/Gas (Integrated),4.0,8.45,5.07,3.38,532912.9,532.913,17986.3,17.986,False,False,532.9129,17.9863
2025,Oil/Gas (Production and Exploration),142.0,13.73,6.25,7.48,424137.6,424.138,31740.2,31.74,False,False,424.13759999999996,31.7402
2025,Oil/Gas Distribution,23.0,12.35,5.78,6.57,204077.0,204.077,13415.0,13.415,False,False,204.077,13.415
2025,Oilfield Svcs/Equip.,97.0,11.94,7.04,4.89,240535.5,240.536,11772.6,11.773,False,False,240.5355,11.7726
2025,Packaging & Container,19.0,14.82,6.75,8.07,61886.6,61.887,4995.1,4.995,False,False,61.8866,4.995100000000001
2025,Paper/Forest Products,6.0,10.41,6.93,3.49,6412.0,6.412,223.5,0.223,False,False,6.412,0.2235
2025,Power,46.0,6.92,5.01,1.91,1056586.5,1056.586,20154.7,20.155,False,False,1056.5865,20.154700000000002
2025,Precious Metals,56.0,25.45,7.47,17.99,54124.8,54.125,9734.6,9.735,False,False,54.1248,9.7346
2025,Publishing & Newspapers,19.0,17.63,5.95,11.69,12153.9,12.154,1420.3,1.42,False,False,12.1539,1.4203
2025,R.E.I.T.,190.0,3.2,5.32,-2.11,1440092.1,1440.092,-30452.0,-30.452,False,False,1440.0921,-30.452
2025,Real Estate (Development),14.0,7.04,5.82,1.22,10619.4,10.619,129.6,0.13,False,False,10.619399999999999,0.1296
2025,Real Estate (General/Diversified),12.0,5.19,6.25,-1.06,3979.5,3.98,-42.0,-0.042,False,False,3.9795,-0.042
2025,Real Estate (Operations & Services),54.0,5.94,7.41,-1.47,49012.6,49.013,-718.4,-0.718,False,False,49.0126,-0.7183999999999999
2025,Recreation,49.0,8.02,6.76,1.27,49102.9,49.103,622.0,0.622,False,False,49.1029,0.622
2025,Reinsurance,1.0,10.14,5.64,4.51,11076.6,11.077,499.4,0.499,False,True,11.076600000000001,0.49939999999999996
2025,Restaurant/Dining,64.0,18.36,7.16,11.2,127944.4,127.944,14333.4,14.333,False,False,127.94439999999999,14.3334
2025,Retail (Automotive),34.0,12.19,6.78,5.42,120853.4,120.853,6544.4,6.544,False,False,120.8534,6.5443999999999996
2025,Retail (Building Supply),14.0,34.95,9.51,25.44,84654.4,84.654,21535.3,21.535,False,False,84.6544,21.5353
2025,Retail (Distributors),62.0,16.11,7.22,8.9,128842.6,128.843,11464.8,11.465,False,False,128.8426,11.464799999999999
2025,Retail (General),23.0,13.59,7.27,6.32,854367.0,854.367,54036.6,54.037,False,False,854.367,54.0366
2025,Retail (Grocery and Food),15.0,6.76,7.24,-0.48,61393.0,61.393,-291.9,-0.292,False,False,61.393,-0.2919
2025,Retail (REITs),26.0,5.16,5.57,-0.41,195647.1,195.647,-804.0,-0.804,False,False,195.6471,-0.804
2025,Retail (Special Lines),94.0,21.54,8.01,13.53,102088.8,102.089,13811.6,13.812,False,False,102.0888,13.8116
2025,Rubber& Tires,3.0,3.17,4.48,-1.31,14422.5,14.422,-189.1,-0.189,False,False,14.4225,-0.1891
2025,Semiconductor,66.0,27.23,10.55,16.68,647009.4,647.009,107897.5,107.898,False,False,647.0094,107.8975
2025,Semiconductor Equip,31.0,28.4,9.89,18.51,78687.0,78.687,14565.7,14.566,False,False,78.687,14.565700000000001
2025,Shipbuilding & Marine,8.0,11.99,6.69,5.3,8164.9,8.165,432.6,0.433,False,False,8.1649,0.43260000000000004
2025,Shoe,11.0,20.93,8.01,12.92,23426.3,23.426,3027.8,3.028,False,False,23.426299999999998,3.0278
2025,Software (Entertainment),77.0,27.02,8.44,18.57,781520.3,781.52,145162.9,145.163,False,False,781.5203,145.1629
2025,Software (Internet),29.0,3.43,10.66,-7.22,48591.4,48.591,-3510.2,-3.51,False,False,48.5914,-3.5101999999999998
2025,Software (System & Application),309.0,29.32,9.34,19.97,707701.0,707.701,141358.9,141.359,False,False,707.701,141.3589
2025,Steel,19.0,6.72,7.76,-1.04,60009.3,60.009,-623.6,-0.624,False,False,60.0093,-0.6236
2025,Telecom (Wireless),12.0,10.37,5.48,4.89,175093.4,175.093,8568.4,8.568,False,False,175.0934,8.5684
2025,Telecom. Equipment,57.0,25.47,7.72,17.75,88616.5,88.617,15731.5,15.731,False,False,88.6165,15.7315
2025,Telecom. Services,39.0,12.04,5.39,6.65,483635.4,483.635,32148.8,32.149,False,False,483.6354,32.1488
2025,Tobacco,10.0,63.08,6.94,56.14,39120.1,39.12,21962.6,21.963,False,False,39.1201,21.9626
2025,Transportation,19.0,13.0,6.72,6.28,164769.1,164.769,10347.5,10.348,False,False,164.7691,10.3475
2025,Transportation (Railroads),4.0,14.24,7.27,6.97,112060.6,112.061,7811.8,7.812,False,False,112.06060000000001,7.8118
2025,Trucking,26.0,9.3,7.52,1.78,57828.5,57.828,1028.1,1.028,False,False,57.8285,1.0281
2025,Utility (General),14.0,5.99,4.36,1.64,408203.7,408.204,6681.3,6.681,False,False,408.2037,6.6813
2025,Utility (Water),14.0,8.96,4.93,4.03,42998.7,42.999,1731.4,1.731,False,False,42.9987,1.7314
